-- MySQL dump 10.13  Distrib 8.0.22, for Linux (x86_64)
--
-- Host: localhost    Database: finam
-- ------------------------------------------------------
-- Server version	8.0.22-0ubuntu0.20.04.3

/*!40101 SET @OLD_CHARACTER_SET_CLIENT=@@CHARACTER_SET_CLIENT */;
/*!40101 SET @OLD_CHARACTER_SET_RESULTS=@@CHARACTER_SET_RESULTS */;
/*!40101 SET @OLD_COLLATION_CONNECTION=@@COLLATION_CONNECTION */;
/*!50503 SET NAMES utf8mb4 */;
/*!40103 SET @OLD_TIME_ZONE=@@TIME_ZONE */;
/*!40103 SET TIME_ZONE='+00:00' */;
/*!40014 SET @OLD_UNIQUE_CHECKS=@@UNIQUE_CHECKS, UNIQUE_CHECKS=0 */;
/*!40014 SET @OLD_FOREIGN_KEY_CHECKS=@@FOREIGN_KEY_CHECKS, FOREIGN_KEY_CHECKS=0 */;
/*!40101 SET @OLD_SQL_MODE=@@SQL_MODE, SQL_MODE='NO_AUTO_VALUE_ON_ZERO' */;
/*!40111 SET @OLD_SQL_NOTES=@@SQL_NOTES, SQL_NOTES=0 */;

--
-- Table structure for table `author_news`
--

DROP TABLE IF EXISTS `author_news`;
/*!40101 SET @saved_cs_client     = @@character_set_client */;
/*!50503 SET character_set_client = utf8mb4 */;
CREATE TABLE `author_news` (
  `id` int unsigned NOT NULL AUTO_INCREMENT COMMENT 'Индификатор строки',
  `first_name` varchar(255) NOT NULL COMMENT 'Автор',
  `last_name` varchar(255) NOT NULL COMMENT 'Автор',
  `resource_id` int unsigned NOT NULL COMMENT 'Индификатор ресурса',
  `created_at` datetime DEFAULT CURRENT_TIMESTAMP COMMENT 'Время создания строки',
  `updated_at` datetime DEFAULT CURRENT_TIMESTAMP ON UPDATE CURRENT_TIMESTAMP COMMENT 'Время обновления строки',
  PRIMARY KEY (`id`)
) ENGINE=InnoDB AUTO_INCREMENT=51 DEFAULT CHARSET=utf8mb4 COLLATE=utf8mb4_0900_ai_ci COMMENT='Источник новости';
/*!40101 SET character_set_client = @saved_cs_client */;

--
-- Dumping data for table `author_news`
--

LOCK TABLES `author_news` WRITE;
/*!40000 ALTER TABLE `author_news` DISABLE KEYS */;
INSERT INTO `author_news` VALUES (1,'Jessyca','Monahan',9,'2020-12-20 20:00:05','2020-12-22 22:23:02'),(2,'Sheldon','Lockman',4,'2020-12-20 20:00:05','2020-12-22 22:23:02'),(3,'Jessica','Ritchie',8,'2020-12-20 20:00:05','2020-12-22 22:23:02'),(4,'Dina','Baumbach',2,'2020-12-20 20:00:05','2020-12-22 22:23:02'),(5,'Ubaldo','McGlynn',8,'2020-12-20 20:00:05','2020-12-22 22:23:02'),(6,'Stephania','Gerlach',10,'2020-12-20 20:00:05','2020-12-22 22:23:02'),(7,'Ronaldo','Pfannerstill',3,'2020-12-20 20:00:05','2020-12-22 22:23:02'),(8,'Adolf','Gerhold',9,'2020-12-20 20:00:05','2020-12-22 22:23:02'),(9,'Alexandrea','Turcotte',9,'2020-12-20 20:00:05','2020-12-22 22:23:02'),(10,'Aniya','Fadel',9,'2020-12-20 20:00:05','2020-12-22 22:23:02'),(11,'Leopold','Ward',2,'2020-12-20 20:00:05','2020-12-22 22:23:02'),(12,'Owen','Raynor',8,'2020-12-20 20:00:05','2020-12-22 22:23:02'),(13,'Lura','Pollich',9,'2020-12-20 20:00:05','2020-12-22 22:23:02'),(14,'Al','Kuvalis',8,'2020-12-20 20:00:05','2020-12-22 22:23:02'),(15,'Berenice','Casper',3,'2020-12-20 20:00:05','2020-12-22 22:23:02'),(16,'Taylor','Lueilwitz',1,'2020-12-20 20:00:05','2020-12-22 22:23:02'),(17,'Gay','Cartwright',7,'2020-12-20 20:00:05','2020-12-22 22:23:02'),(18,'Madilyn','Weimann',6,'2020-12-20 20:00:05','2020-12-22 22:23:02'),(19,'Velda','Pfeffer',11,'2020-12-20 20:00:05','2020-12-22 22:23:02'),(20,'Jayda','Boyle',12,'2020-12-20 20:00:05','2020-12-22 22:23:02'),(21,'Haleigh','Pollich',4,'2020-12-20 20:00:05','2020-12-22 22:23:02'),(22,'Ruth','Schinner',6,'2020-12-20 20:00:05','2020-12-22 22:23:02'),(23,'Graciela','Walter',5,'2020-12-20 20:00:05','2020-12-22 22:23:02'),(24,'Deangelo','Reilly',9,'2020-12-20 20:00:05','2020-12-22 22:23:02'),(25,'Felicita','Dickinson',5,'2020-12-20 20:00:05','2020-12-22 22:23:02'),(26,'Michale','Gleichner',8,'2020-12-20 20:00:05','2020-12-22 22:23:02'),(27,'Marlin','Hilpert',11,'2020-12-20 20:00:05','2020-12-22 22:23:02'),(28,'Delaney','Wolf',8,'2020-12-20 20:00:05','2020-12-22 22:23:02'),(29,'Neoma','Swift',6,'2020-12-20 20:00:05','2020-12-22 22:23:02'),(30,'Caesar','Cormier',8,'2020-12-20 20:00:05','2020-12-22 22:23:02'),(31,'Letitia','Kohler',7,'2020-12-20 20:00:05','2020-12-22 22:23:02'),(32,'Jamison','Cole',12,'2020-12-20 20:00:05','2020-12-22 22:23:02'),(33,'German','Beatty',12,'2020-12-20 20:00:05','2020-12-22 22:23:02'),(34,'Margaretta','Terry',2,'2020-12-20 20:00:05','2020-12-22 22:23:02'),(35,'Dock','Dickens',9,'2020-12-20 20:00:05','2020-12-22 22:23:02'),(36,'Kevon','Steuber',1,'2020-12-20 20:00:05','2020-12-22 22:23:02'),(37,'Koby','Strosin',3,'2020-12-20 20:00:05','2020-12-22 22:23:02'),(38,'Berta','Stanton',11,'2020-12-20 20:00:05','2020-12-22 22:23:02'),(39,'Aletha','Cruickshank',9,'2020-12-20 20:00:05','2020-12-22 22:23:02'),(40,'Jessica','Jacobson',10,'2020-12-20 20:00:05','2020-12-22 22:23:02'),(41,'Mina','Lueilwitz',11,'2020-12-20 20:00:05','2020-12-22 22:23:02'),(42,'Nat','Lakin',12,'2020-12-20 20:00:05','2020-12-22 22:23:02'),(43,'Kasey','Brakus',3,'2020-12-20 20:00:05','2020-12-22 22:23:02'),(44,'Rene','Sauer',4,'2020-12-20 20:00:05','2020-12-22 22:23:02'),(45,'Hillard','Schuppe',8,'2020-12-20 20:00:05','2020-12-22 22:23:02'),(46,'Benny','Breitenberg',5,'2020-12-20 20:00:05','2020-12-22 22:23:02'),(47,'Maye','Farrell',10,'2020-12-20 20:00:05','2020-12-22 22:23:02'),(48,'Claire','Homenick',2,'2020-12-20 20:00:05','2020-12-22 22:23:02'),(49,'Alek','Bergstrom',2,'2020-12-20 20:00:05','2020-12-22 22:23:02'),(50,'Dino','Haley',2,'2020-12-20 20:00:05','2020-12-22 22:23:02');
/*!40000 ALTER TABLE `author_news` ENABLE KEYS */;
UNLOCK TABLES;

--
-- Table structure for table `calendar_events`
--

DROP TABLE IF EXISTS `calendar_events`;
/*!40101 SET @saved_cs_client     = @@character_set_client */;
/*!50503 SET character_set_client = utf8mb4 */;
CREATE TABLE `calendar_events` (
  `id` bigint unsigned NOT NULL AUTO_INCREMENT COMMENT 'Индификатор строки',
  `description_event` text COMMENT 'Описание события',
  `comment_even` text COMMENT 'Коментарий события',
  `created_at` datetime DEFAULT CURRENT_TIMESTAMP COMMENT 'Время создания строки',
  `updated_at` datetime DEFAULT CURRENT_TIMESTAMP ON UPDATE CURRENT_TIMESTAMP COMMENT 'Время обновления строки',
  PRIMARY KEY (`id`),
  UNIQUE KEY `id` (`id`)
) ENGINE=InnoDB AUTO_INCREMENT=101 DEFAULT CHARSET=utf8mb4 COLLATE=utf8mb4_0900_ai_ci COMMENT='Календарь событий';
/*!40101 SET character_set_client = @saved_cs_client */;

--
-- Dumping data for table `calendar_events`
--

LOCK TABLES `calendar_events` WRITE;
/*!40000 ALTER TABLE `calendar_events` DISABLE KEYS */;
INSERT INTO `calendar_events` VALUES (1,'Quo et temporibus fugit voluptate omnis doloremque consectetur.','Hatter with a sigh. \'I only took the least notice of them didn\'t know how to speak good English); \'now I\'m opening out like the look of the trees as well look and see what would happen next. First,.','2020-12-22 19:45:03','2020-12-22 19:45:03'),(2,'Et provident modi molestiae et tempore.','All the time he had never been in a hoarse growl, \'the world would go through,\' thought poor Alice, \'it would be worth the trouble of getting up and walking off to the Duchess: \'and the moral of.','2020-12-22 19:45:03','2020-12-22 19:45:03'),(3,'Qui perferendis culpa molestiae aperiam sint.','I\'ve got back to the waving of the Gryphon, and, taking Alice by the hedge!\' then silence, and then quietly marched off after the birds! Why, she\'ll eat a little ledge of rock, and, as she.','2020-12-22 19:45:03','2020-12-22 19:45:03'),(4,'Quia inventore neque vel odit neque aperiam.','THERE again!\' said Alice timidly. \'Would you like the three gardeners instantly jumped up, and reduced the answer to shillings and pence. \'Take off your hat,\' the King in a day or two: wouldn\'t it.','2020-12-22 19:45:03','2020-12-22 19:45:03'),(5,'Et in qui consequatur incidunt omnis id.','Tortoise because he taught us,\' said the Gryphon. \'I mean, what makes them bitter--and--and barley-sugar and such things that make children sweet-tempered. I only wish they COULD! I\'m sure _I_.','2020-12-22 19:45:03','2020-12-22 19:45:03'),(6,'Quo magni exercitationem nihil vel et occaecati.','Normans--\" How are you getting on?\' said the Eaglet. \'I don\'t know much,\' said the March Hare. \'Sixteenth,\' added the Gryphon, \'that they WOULD put their heads off?\' shouted the Queen was to twist.','2020-12-22 19:45:03','2020-12-22 19:45:03'),(7,'Rem veritatis aliquid modi similique voluptatem eaque odit.','I think?\' \'I had NOT!\' cried the Gryphon, sighing in his turn; and both creatures hid their faces in their proper places--ALL,\' he repeated with great curiosity. \'It\'s a friend of mine--a Cheshire.','2020-12-22 19:45:03','2020-12-22 19:45:03'),(8,'Blanditiis sint omnis iure nam magnam velit.','Grief, they used to queer things happening. While she was peering about anxiously among the trees as well go in ringlets at all; however, she went on: \'--that begins with an important air, \'are you.','2020-12-22 19:45:03','2020-12-22 19:45:03'),(9,'Et sapiente et perferendis cum ex.','Quick, now!\' And Alice was only sobbing,\' she thought, and it was quite pleased to find quite a large plate came skimming out, straight at the picture.) \'Up, lazy thing!\' said the Rabbit noticed.','2020-12-22 19:45:03','2020-12-22 19:45:03'),(10,'Et distinctio consequatur aliquid sed aut maxime.','She went on \'And how many hours a day is very confusing.\' \'It isn\'t,\' said the Lory, with a round face, and large eyes full of tears, until there was a most extraordinary noise going on between the.','2020-12-22 19:45:03','2020-12-22 19:45:03'),(11,'Ut omnis debitis vero.','But, when the race was over. Alice was soon submitted to by all three to settle the question, and they all quarrel so dreadfully one can\'t hear oneself speak--and they don\'t seem to put the Lizard.','2020-12-22 19:45:03','2020-12-22 19:45:03'),(12,'Unde natus possimus eum nam quos.','I can creep under the sea--\' (\'I haven\'t,\' said Alice)--\'and perhaps you were or might have been was not a regular rule: you invented it just at first, but, after watching it a little timidly, for.','2020-12-22 19:45:03','2020-12-22 19:45:03'),(13,'Laborum mollitia tempora sit aspernatur numquam.','Cheshire cat,\' said the Gryphon. \'Well, I shan\'t grow any more--As it is, I can\'t take more.\' \'You mean you can\'t take LESS,\' said the Caterpillar. \'Not QUITE right, I\'m afraid,\' said Alice, rather.','2020-12-22 19:45:03','2020-12-22 19:45:03'),(14,'Ut dolore qui repellendus repudiandae tempore reiciendis.','I COULD NOT SWIM--\" you can\'t be Mabel, for I know I do!\' said Alice loudly. \'The idea of the ground, Alice soon began talking again. \'Dinah\'ll miss me very much of it altogether; but after a few.','2020-12-22 19:45:03','2020-12-22 19:45:03'),(15,'Enim quis nihil laudantium voluptates libero.','Father William,\' the young Crab, a little shaking among the trees, a little faster?\" said a sleepy voice behind her. \'Collar that Dormouse,\' the Queen of Hearts were seated on their backs was the.','2020-12-22 19:45:03','2020-12-22 19:45:03'),(16,'Sint aut fugiat quis quae quod et impedit.','Dormouse, who seemed too much of a muchness\"--did you ever eat a little of it?\' said the Mock Turtle sighed deeply, and drew the back of one flapper across his eyes. \'I wasn\'t asleep,\' he said to.','2020-12-22 19:45:03','2020-12-22 19:45:03'),(17,'Inventore ipsa a aut quia.','Queen will hear you! You see, she came upon a little ledge of rock, and, as the Dormouse went on, \'\"--found it advisable to go with the Dormouse. \'Don\'t talk nonsense,\' said Alice to herself, \'Now,.','2020-12-22 19:45:03','2020-12-22 19:45:03'),(18,'Ad labore tenetur similique sunt.','Mock Turtle would be a comfort, one way--never to be an advantage,\' said Alice, \'I\'ve often seen a good deal frightened at the top of it. Presently the Rabbit came up to Alice, flinging the baby at.','2020-12-22 19:45:03','2020-12-22 19:45:03'),(19,'Aspernatur labore et iure et.','Caterpillar seemed to Alice a little bit of mushroom, and raised herself to about two feet high: even then she noticed that one of its mouth open, gazing up into the book her sister kissed her, and.','2020-12-22 19:45:03','2020-12-22 19:45:03'),(20,'Provident debitis qui ducimus deserunt.','Gryphon, \'you first form into a sort of way to change the subject of conversation. While she was a dead silence. \'It\'s a Cheshire cat,\' said the Duchess, who seemed too much pepper in that soup!\'.','2020-12-22 19:45:03','2020-12-22 19:45:03'),(21,'Unde vel vel eos quaerat ut animi.','Alice, always ready to talk nonsense. The Queen\'s argument was, that her shoulders were nowhere to be beheaded!\' \'What for?\' said Alice. \'Off with his tea spoon at the sides of it, and burning with.','2020-12-22 19:45:03','2020-12-22 19:45:03'),(22,'Qui dolores recusandae qui amet quo.','Frog-Footman repeated, in the last word two or three of the well, and noticed that they would call after her: the last few minutes that she hardly knew what she was surprised to find that she had to.','2020-12-22 19:45:03','2020-12-22 19:45:03'),(23,'Molestiae nisi est reiciendis consectetur.','Mouse, getting up and walking away. \'You insult me by talking such nonsense!\' \'I didn\'t mean it!\' pleaded poor Alice. \'But you\'re so easily offended!\' \'You\'ll get used to read fairy-tales, I fancied.','2020-12-22 19:45:03','2020-12-22 19:45:03'),(24,'Esse esse ipsa corrupti sunt est maiores.','I used--and I don\'t put my arm round your waist,\' the Duchess said to Alice, flinging the baby was howling so much into the garden, where Alice could hear the very tones of the e--e--evening,.','2020-12-22 19:45:03','2020-12-22 19:45:03'),(25,'Nisi tempora omnis consectetur reiciendis unde dolores corrupti.','Alice put down the bottle, she found a little shriek and a large pool all round her, about the reason so many tea-things are put out here?\' she asked. \'Yes, that\'s it,\' said the Gryphon, \'she wants.','2020-12-22 19:45:03','2020-12-22 19:45:03'),(26,'Voluptates minima saepe alias.','Alice had no pictures or conversations in it, and very neatly and simply arranged; the only difficulty was, that you have to fly; and the other players, and shouting \'Off with his head!\' or \'Off.','2020-12-22 19:45:03','2020-12-22 19:45:03'),(27,'Quo dolorem earum pariatur deleniti quae qui.','VERY short remarks, and she heard was a general clapping of hands at this: it was her turn or not. So she set to work very carefully, remarking, \'I really must be getting somewhere near the centre.','2020-12-22 19:45:03','2020-12-22 19:45:03'),(28,'Aut est eos esse quas.','I THINK I can find them.\' As she said to herself \'That\'s quite enough--I hope I shan\'t grow any more--As it is, I can\'t quite follow it as far as they all looked so good, that it is!\' As she said to.','2020-12-22 19:45:03','2020-12-22 19:45:03'),(29,'A harum dicta beatae voluptatem aut.','Footman went on muttering over the verses the White Rabbit: it was only sobbing,\' she thought, \'it\'s sure to happen,\' she said to Alice. \'Nothing,\' said Alice. \'Why not?\' said the Mock Turtle, and.','2020-12-22 19:45:03','2020-12-22 19:45:03'),(30,'Est sit necessitatibus eos vel.','CAN all that green stuff be?\' said Alice. \'Why, SHE,\' said the Hatter, who turned pale and fidgeted. \'Give your evidence,\' said the King, the Queen, but she did not at all what had become of you? I.','2020-12-22 19:45:03','2020-12-22 19:45:03'),(31,'In cum et quos et sit est et fugiat.','Alice. It looked good-natured, she thought: still it was too late to wish that! She went on growing, and, as the Rabbit, and had no pictures or conversations?\' So she set to work at once in the.','2020-12-22 19:45:03','2020-12-22 19:45:03'),(32,'Quis similique temporibus laboriosam sunt.','And the moral of that is--\"Birds of a treacle-well--eh, stupid?\' \'But they were all locked; and when she next peeped out the answer to it?\' said the Gryphon: \'I went to the Gryphon. Alice did not.','2020-12-22 19:45:03','2020-12-22 19:45:03'),(33,'Voluptas optio minus accusamus ipsam neque nesciunt minus est.','I hadn\'t begun my tea--not above a week or so--and what with the Queen till she was now the right way to hear it say, as it spoke. \'As wet as ever,\' said Alice to herself, in a low, hurried tone. He.','2020-12-22 19:45:03','2020-12-22 19:45:03'),(34,'Rerum laborum ex enim repudiandae consectetur.','King. The White Rabbit was no label this time it vanished quite slowly, beginning with the Lory, as soon as look at the end of trials, \"There was some attempts at applause, which was a dead silence.','2020-12-22 19:45:03','2020-12-22 19:45:03'),(35,'Error qui adipisci hic rerum eaque qui.','And pour the waters of the legs of the way--\' \'THAT generally takes some time,\' interrupted the Hatter: \'but you could manage it?) \'And what an ignorant little girl she\'ll think me at home! Why, I.','2020-12-22 19:45:03','2020-12-22 19:45:03'),(36,'Qui eaque est optio.','Dormouse: \'not in that poky little house, and have next to no toys to play croquet.\' The Frog-Footman repeated, in the distance, and she trembled till she got to go with the Mouse in the court!\' and.','2020-12-22 19:45:03','2020-12-22 19:45:03'),(37,'Rem ut sapiente dicta ut quam repellendus accusantium.','I shan\'t go, at any rate, the Dormouse sulkily remarked, \'If you please, sir--\' The Rabbit Sends in a languid, sleepy voice. \'Who are YOU?\' Which brought them back again to the jury, and the turtles.','2020-12-22 19:45:03','2020-12-22 19:45:03'),(38,'Velit quidem sed dolor cupiditate a commodi.','The table was a treacle-well.\' \'There\'s no such thing!\' Alice was not quite know what they\'re about!\' \'Read them,\' said the Caterpillar. This was such a curious feeling!\' said Alice; \'all I know.','2020-12-22 19:45:03','2020-12-22 19:45:03'),(39,'Sapiente rerum maiores autem eius consequuntur itaque.','Off with his head!\' or \'Off with her head!\' the Queen put on your shoes and stockings for you now, dears? I\'m sure I can\'t remember,\' said the Mock Turtle went on talking: \'Dear, dear! How queer.','2020-12-22 19:45:03','2020-12-22 19:45:03'),(40,'Rem corporis praesentium sed ea cupiditate quibusdam unde.','While she was up to Alice, and she sat still and said nothing. \'When we were little,\' the Mock Turtle. \'And how did you begin?\' The Hatter looked at it again: but he would not join the dance. Will.','2020-12-22 19:45:03','2020-12-22 19:45:03'),(41,'Sapiente sunt recusandae nostrum rem qui.','Alice. One of the wood for fear of killing somebody, so managed to put down yet, before the trial\'s begun.\' \'They\'re putting down their names,\' the Gryphon said, in a moment: she looked down, was an.','2020-12-22 19:45:03','2020-12-22 19:45:03'),(42,'Sit veniam repellat architecto provident corporis.','A bright idea came into Alice\'s shoulder as she did not like the three gardeners, oblong and flat, with their heads!\' and the Queen added to one of the garden: the roses growing on it except a.','2020-12-22 19:45:03','2020-12-22 19:45:03'),(43,'Esse veritatis minima ea ad recusandae quod.','He only does it matter to me whether you\'re nervous or not.\' \'I\'m a poor man, your Majesty,\' said Alice indignantly, and she tried her best to climb up one of the birds and animals that had a large.','2020-12-22 19:45:03','2020-12-22 19:45:03'),(44,'Molestias eligendi vitae officia quidem iusto aperiam sunt exercitationem.','I\'ll go round and round the rosetree; for, you see, as well she might, what a Gryphon is, look at it!\' This speech caused a remarkable sensation among the trees under which she had tired herself out.','2020-12-22 19:45:03','2020-12-22 19:45:03'),(45,'Optio aut magnam consequatur natus ipsum voluptatibus.','March Hare. Alice sighed wearily. \'I think you could draw treacle out of the sort. Next came an angry tone, \'Why, Mary Ann, what ARE you talking to?\' said one of the March Hare. \'Then it doesn\'t.','2020-12-22 19:45:03','2020-12-22 19:45:03'),(46,'Non eos consequatur tempore est nemo inventore.','WAS a narrow escape!\' said Alice, who had meanwhile been examining the roses. \'Off with his head!\' or \'Off with her head!\' Those whom she sentenced were taken into custody by the officers of the.','2020-12-22 19:45:03','2020-12-22 19:45:03'),(47,'Beatae cupiditate ex nostrum sit quod nisi ipsum.','I should think you might like to try the experiment?\' \'HE might bite,\' Alice cautiously replied, not feeling at all anxious to have got altered.\' \'It is wrong from beginning to grow larger again,.','2020-12-22 19:45:03','2020-12-22 19:45:03'),(48,'Nihil voluptatem accusantium consectetur est ad quo iure.','Turtle--we used to know. Let me see--how IS it to be in Bill\'s place for a great crash, as if it began ordering people about like mad things all this time. \'I want a clean cup,\' interrupted the.','2020-12-22 19:45:03','2020-12-22 19:45:03'),(49,'Libero enim facere sit ea tempore rerum.','No, no! You\'re a serpent; and there\'s no name signed at the Duchess asked, with another dig of her hedgehog. The hedgehog was engaged in a furious passion, and went on eagerly: \'There is such a.','2020-12-22 19:45:03','2020-12-22 19:45:03'),(50,'Eius perferendis fugit ullam doloremque eaque.','I\'ll have you executed, whether you\'re nervous or not.\' \'I\'m a poor man,\' the Hatter was the same year for such dainties would not join the dance? Will you, won\'t you, will you, old fellow?\' The.','2020-12-22 19:45:03','2020-12-22 19:45:03'),(51,'Ut voluptas ducimus blanditiis placeat dolorum.','As soon as she swam nearer to make it stop. \'Well, I\'d hardly finished the guinea-pigs!\' thought Alice. \'Now we shall get on better.\' \'I\'d rather finish my tea,\' said the Gryphon. \'Do you mean by.','2020-12-22 19:45:03','2020-12-22 19:45:03'),(52,'Eveniet aut enim est illum cupiditate sunt tempora.','For anything tougher than suet; Yet you turned a corner, \'Oh my ears and whiskers, how late it\'s getting!\' She was moving them about as she left her, leaning her head was so much already, that it.','2020-12-22 19:45:03','2020-12-22 19:45:03'),(53,'Quibusdam voluptas maiores illum labore possimus.','GAVE HER ONE, THEY GAVE HIM TWO--\" why, that must be shutting up like a mouse, That he met in the same thing, you know.\' Alice had never been in a shrill, passionate voice. \'Would YOU like cats if.','2020-12-22 19:45:03','2020-12-22 19:45:03'),(54,'Aut sunt consequatur quasi dolores facilis sed nam.','While she was a real Turtle.\' These words were followed by a row of lamps hanging from the Gryphon, and all would change to dull reality--the grass would be grand, certainly,\' said Alice, \'and those.','2020-12-22 19:45:03','2020-12-22 19:45:03'),(55,'Provident error consequuntur dicta iste rerum et reprehenderit.','I only knew the name of the tale was something like this:-- \'Fury said to one of them didn\'t know that Cheshire cats always grinned; in fact, a sort of use in talking to him,\' the Mock Turtle, and.','2020-12-22 19:45:03','2020-12-22 19:45:03'),(56,'Animi possimus corporis repellat ut.','Bill,\' she gave one sharp kick, and waited till she was ready to talk nonsense. The Queen\'s Croquet-Ground A large rose-tree stood near the house if it thought that she remained the same solemn.','2020-12-22 19:45:03','2020-12-22 19:45:03'),(57,'Ducimus odit ratione nemo voluptatem eius voluptatibus in necessitatibus.','VERY deeply with a large cauldron which seemed to be a queer thing, to be sure, this generally happens when one eats cake, but Alice had got its head impatiently, and said, \'It was much pleasanter.','2020-12-22 19:45:03','2020-12-22 19:45:03'),(58,'Harum repudiandae tenetur delectus asperiores occaecati similique veritatis.','Pigeon in a low, hurried tone. He looked anxiously over his shoulder with some curiosity. \'What a pity it wouldn\'t stay!\' sighed the Lory, as soon as look at it!\' This speech caused a remarkable.','2020-12-22 19:45:03','2020-12-22 19:45:03'),(59,'Molestias illo unde hic cum assumenda fugit dolorem iusto.','HE taught us Drawling, Stretching, and Fainting in Coils.\' \'What was THAT like?\' said Alice. \'Come, let\'s hear some of YOUR business, Two!\' said Seven. \'Yes, it IS his business!\' said Five, \'and.','2020-12-22 19:45:03','2020-12-22 19:45:03'),(60,'Dolores doloribus labore odit eveniet doloremque.','Mock Turtle in a very respectful tone, but frowning and making quite a long tail, certainly,\' said Alice, \'because I\'m not used to queer things happening. While she was saying, and the blades of.','2020-12-22 19:45:03','2020-12-22 19:45:03'),(61,'Quia pariatur debitis et adipisci.','Caterpillar. This was quite pale (with passion, Alice thought), and it was a general chorus of voices asked. \'Why, SHE, of course,\' the Gryphon went on without attending to her; \'but those serpents!.','2020-12-22 19:45:03','2020-12-22 19:45:03'),(62,'Nemo eum dignissimos quos error.','Gryphon, before Alice could bear: she got to the Knave of Hearts, and I shall see it written up somewhere.\' Down, down, down. There was a different person then.\' \'Explain all that,\' said the Mock.','2020-12-22 19:45:03','2020-12-22 19:45:03'),(63,'Sed quas quaerat animi ullam assumenda minus et.','Dinn may be,\' said the King, \'unless it was good practice to say it out to her great disappointment it was certainly too much overcome to do it?\' \'In my youth,\' Father William replied to his ear..','2020-12-22 19:45:03','2020-12-22 19:45:03'),(64,'Reprehenderit deleniti iusto est nobis.','The Hatter shook his head mournfully. \'Not I!\' said the King: \'leave out that it would be of any use, now,\' thought poor Alice, and her eyes filled with cupboards and book-shelves; here and there.','2020-12-22 19:45:03','2020-12-22 19:45:03'),(65,'Consectetur vel ab rem occaecati.','And oh, I wish you could manage it?) \'And what an ignorant little girl or a watch to take MORE than nothing.\' \'Nobody asked YOUR opinion,\' said Alice. \'Why, SHE,\' said the King: \'leave out that it.','2020-12-22 19:45:03','2020-12-22 19:45:03'),(66,'Quaerat omnis dolore autem fuga ducimus nihil blanditiis.','Alice did not dare to laugh; and, as she left her, leaning her head to feel very sleepy and stupid), whether the blows hurt it or not. So she set to work at once in her haste, she had gone through.','2020-12-22 19:45:03','2020-12-22 19:45:03'),(67,'Dolores numquam est odit fugit autem vel sit.','Dinah, tell me your history, you know,\' said Alice, \'it\'s very easy to know what they\'re like.\' \'I believe so,\' Alice replied very solemnly. Alice was not easy to know when the tide rises and sharks.','2020-12-22 19:45:03','2020-12-22 19:45:03'),(68,'Nostrum qui sunt aspernatur minus nostrum.','Alice said; \'there\'s a large kitchen, which was lit up by wild beasts and other unpleasant things, all because they WOULD go with Edgar Atheling to meet William and offer him the crown. William\'s.','2020-12-22 19:45:03','2020-12-22 19:45:03'),(69,'Ut optio et porro voluptatem delectus enim ut.','She did not venture to ask the question?\' said the King; and as he could think of any one; so, when the White Rabbit, who said in a voice outside, and stopped to listen. \'Mary Ann! Mary Ann!\' said.','2020-12-22 19:45:03','2020-12-22 19:45:03'),(70,'Rerum distinctio et omnis illo voluptatem dolor dolor.','Duchess! Oh my fur and whiskers! She\'ll get me executed, as sure as ferrets are ferrets! Where CAN I have none, Why, I do wonder what they\'ll do next! As for pulling me out of breath, and till the.','2020-12-22 19:45:03','2020-12-22 19:45:03'),(71,'Itaque in placeat esse qui voluptates.','So they had a pencil that squeaked. This of course, Alice could see, when she was looking down at her side. She was close behind us, and he\'s treading on her toes when they passed too close, and.','2020-12-22 19:45:03','2020-12-22 19:45:03'),(72,'Aperiam vel aliquam laborum et omnis.','Cat went on, \'What HAVE you been doing here?\' \'May it please your Majesty?\' he asked. \'Begin at the place where it had gone. \'Well! I\'ve often seen them at last, and they lived at the moment, \'My.','2020-12-22 19:45:03','2020-12-22 19:45:03'),(73,'Saepe est aut quas corrupti aut.','Alice said to herself how she would get up and down, and the little door was shut again, and did not seem to come once a week: HE taught us Drawling, Stretching, and Fainting in Coils.\' \'What was.','2020-12-22 19:45:03','2020-12-22 19:45:03'),(74,'Magni eos ducimus voluptate at facere magnam iure.','Father William replied to his ear. Alice considered a little, \'From the Queen. \'It proves nothing of the other side, the puppy began a series of short charges at the March Hare said in a whisper,.','2020-12-22 19:45:03','2020-12-22 19:45:03'),(75,'Vel explicabo iusto consequuntur pariatur illo nemo repellendus.','The Dormouse slowly opened his eyes. \'I wasn\'t asleep,\' he said in an offended tone, \'was, that the cause of this pool? I am now? That\'ll be a person of authority among them, called out, \'Sit down,.','2020-12-22 19:45:03','2020-12-22 19:45:03'),(76,'Dolor accusamus dolorem sequi sint hic quia repellendus laboriosam.','I\'M a Duchess,\' she said to the company generally, \'You are not attending!\' said the Cat. \'I said pig,\' replied Alice; \'and I do so like that curious song about the games now.\' CHAPTER X. The.','2020-12-22 19:45:03','2020-12-22 19:45:03'),(77,'Sit dignissimos et maxime ut ad rerum ratione.','Gryphon, and the bright eager eyes were looking over his shoulder as he could go. Alice took up the conversation dropped, and the blades of grass, but she was beginning to see what I was thinking I.','2020-12-22 19:45:03','2020-12-22 19:45:03'),(78,'Facere animi non non quibusdam at incidunt.','Cheshire Cat, she was small enough to try the thing at all. \'But perhaps he can\'t help it,\' she said to herself, as well as she couldn\'t answer either question, it didn\'t much matter which way she.','2020-12-22 19:45:03','2020-12-22 19:45:03'),(79,'Est sit ut fuga omnis libero voluptatem.','Mouse\'s tail; \'but why do you want to go! Let me see--how IS it to make out at all this time. \'I want a clean cup,\' interrupted the Gryphon. Alice did not wish to offend the Dormouse crossed the.','2020-12-22 19:45:03','2020-12-22 19:45:03'),(80,'Voluptate assumenda occaecati dolores.','I wish I hadn\'t cried so much!\' Alas! it was sneezing and howling alternately without a grin,\' thought Alice; \'only, as it\'s asleep, I suppose it doesn\'t mind.\' The table was a real nose; also its.','2020-12-22 19:45:03','2020-12-22 19:45:03'),(81,'Facilis saepe quia delectus.','And when I got up very sulkily and crossed over to the rose-tree, she went on talking: \'Dear, dear! How queer everything is queer to-day.\' Just then her head down to the company generally, \'You are.','2020-12-22 19:45:03','2020-12-22 19:45:03'),(82,'Delectus voluptatem omnis explicabo voluptatem provident.','There was nothing on it (as she had tired herself out with his whiskers!\' For some minutes it seemed quite natural); but when the White Rabbit, \'and that\'s a fact.\' Alice did not like to be a LITTLE.','2020-12-22 19:45:03','2020-12-22 19:45:03'),(83,'Velit ut unde illum repellat est sit eius.','Then came a little faster?\" said a whiting to a mouse, you know. So you see, Miss, this here ought to be said. At last the Dodo could not help thinking there MUST be more to be beheaded!\' \'What.','2020-12-22 19:45:03','2020-12-22 19:45:03'),(84,'Non consequatur nemo numquam.','I am so VERY wide, but she did not like the largest telescope that ever was! Good-bye, feet!\' (for when she next peeped out the proper way of settling all difficulties, great or small. \'Off with her.','2020-12-22 19:45:03','2020-12-22 19:45:03'),(85,'Asperiores velit et vero.','I\'m afraid, but you might like to try the thing yourself, some winter day, I will tell you more than nine feet high, and was just in time to go, for the rest of it appeared. \'I don\'t think they play.','2020-12-22 19:45:03','2020-12-22 19:45:03'),(86,'Ex rem culpa saepe corrupti id odio.','Indeed, she had somehow fallen into the roof off.\' After a while, finding that nothing more happened, she decided on going into the sea, some children digging in the way to hear her try and repeat.','2020-12-22 19:45:03','2020-12-22 19:45:03'),(87,'Itaque dolorem iure nesciunt dolores.','I had not noticed before, and she felt that it was looking down at them, and all must have been that,\' said the Queen, in a whisper, half afraid that she ran out of sight, they were all ornamented.','2020-12-22 19:45:03','2020-12-22 19:45:03'),(88,'Numquam ipsam omnis laboriosam corrupti.','Alice thought to herself \'This is Bill,\' she gave one sharp kick, and waited till the Pigeon had finished. \'As if I fell off the fire, and at once crowded round it, panting, and asking, \'But who is.','2020-12-22 19:45:03','2020-12-22 19:45:03'),(89,'Necessitatibus officia delectus id quo iure ad eveniet voluptatem.','While she was going a journey, I should be like then?\' And she began fancying the sort of thing never happened, and now here I am so VERY nearly at the March Hare took the hookah into its face was.','2020-12-22 19:45:03','2020-12-22 19:45:03'),(90,'Sit quam ut ipsam odio omnis quos pariatur.','The Hatter opened his eyes. He looked at Alice. \'I\'M not a bit hurt, and she went on, taking first one side and then keep tight hold of this ointment--one shilling the box-- Allow me to sell you a.','2020-12-22 19:45:03','2020-12-22 19:45:03'),(91,'Nostrum perferendis et consectetur.','Gryphon. \'It\'s all her wonderful Adventures, till she had peeped into the court, she said to herself. \'Of the mushroom,\' said the Hatter, \'you wouldn\'t talk about wasting IT. It\'s HIM.\' \'I don\'t see.','2020-12-22 19:45:03','2020-12-22 19:45:03'),(92,'Distinctio excepturi quaerat voluptas nihil dicta molestias.','Queen, in a pleased tone. \'Pray don\'t trouble yourself to say \'creatures,\' you see, Miss, this here ought to have changed since her swim in the pool as it went. So she was ready to sink into the.','2020-12-22 19:45:03','2020-12-22 19:45:03'),(93,'Tempora commodi reiciendis aut aut voluptatum quisquam sunt.','Paris, and Paris is the use of a dance is it?\' \'Why,\' said the Dodo, \'the best way you can;--but I must go back by railway,\' she said this, she came up to her usual height. It was so small as this.','2020-12-22 19:45:03','2020-12-22 19:45:03'),(94,'Dolor eos est dolore consequatur.','However, on the second verse of the thing yourself, some winter day, I will just explain to you how it was out of a good many voices all talking at once, with a table in the wood, \'is to grow up any.','2020-12-22 19:45:03','2020-12-22 19:45:03'),(95,'Nihil rerum beatae porro sequi suscipit.','Queen, in a moment like a candle. I wonder who will put on his spectacles and looked into its nest. Alice crouched down among the branches, and every now and then; such as, that a red-hot poker will.','2020-12-22 19:45:03','2020-12-22 19:45:03'),(96,'Fuga aut autem quos quia ea.','Alice hastily; \'but I\'m not particular as to go among mad people,\' Alice remarked. \'Oh, you can\'t be civil, you\'d better finish the story for yourself.\' \'No, please go on!\' Alice said nothing: she.','2020-12-22 19:45:03','2020-12-22 19:45:03'),(97,'Et corrupti illo sit nesciunt.','She had just succeeded in curving it down \'important,\' and some were birds,) \'I suppose so,\' said Alice. \'Then it wasn\'t very civil of you to learn?\' \'Well, there was room for this, and after a.','2020-12-22 19:45:03','2020-12-22 19:45:03'),(98,'Non exercitationem voluptatem voluptas quo fuga.','Caterpillar seemed to rise like a Jack-in-the-box, and up I goes like a candle. I wonder if I must, I must,\' the King said to herself that perhaps it was all dark overhead; before her was another.','2020-12-22 19:45:03','2020-12-22 19:45:03'),(99,'In delectus et ut accusamus aut maiores.','And the Eaglet bent down its head down, and nobody spoke for some time with one eye; \'I seem to encourage the witness at all: he kept shifting from one foot up the little dears came jumping merrily.','2020-12-22 19:45:03','2020-12-22 19:45:03'),(100,'Excepturi et et rem veniam vitae repudiandae.','Queen\'s voice in the sand with wooden spades, then a row of lamps hanging from the shock of being such a nice little histories about children who had been running half an hour or so there were a.','2020-12-22 19:45:03','2020-12-22 19:45:03');
/*!40000 ALTER TABLE `calendar_events` ENABLE KEYS */;
UNLOCK TABLES;

--
-- Table structure for table `calendar_ipos`
--

DROP TABLE IF EXISTS `calendar_ipos`;
/*!40101 SET @saved_cs_client     = @@character_set_client */;
/*!50503 SET character_set_client = utf8mb4 */;
CREATE TABLE `calendar_ipos` (
  `id` int unsigned NOT NULL AUTO_INCREMENT COMMENT 'Индификатор строки',
  `name_ipo` varchar(255) NOT NULL COMMENT 'Имя ipo',
  `ticker` varchar(255) NOT NULL COMMENT 'Краткое имя',
  `photo_ipo` varchar(255) NOT NULL COMMENT 'Путь к файлу фото ipo',
  `date_placement` date DEFAULT NULL COMMENT 'Дата размещения',
  `starting_price` decimal(11,2) DEFAULT NULL COMMENT 'Начальная цена диапазона цены размещения',
  `final_price` decimal(11,2) DEFAULT NULL COMMENT 'Конечная цена диапазона цены размещения',
  `description` text COMMENT 'Описание инструмента',
  `prospectus` varchar(255) NOT NULL COMMENT 'Путь к файлу Проспект эмиссии',
  `created_at` datetime DEFAULT CURRENT_TIMESTAMP COMMENT 'Время создания строки',
  `updated_at` datetime DEFAULT CURRENT_TIMESTAMP ON UPDATE CURRENT_TIMESTAMP COMMENT 'Время обновления строки',
  PRIMARY KEY (`id`)
) ENGINE=InnoDB AUTO_INCREMENT=101 DEFAULT CHARSET=utf8mb4 COLLATE=utf8mb4_0900_ai_ci COMMENT='Календарь ipo';
/*!40101 SET character_set_client = @saved_cs_client */;

--
-- Dumping data for table `calendar_ipos`
--

LOCK TABLES `calendar_ipos` WRITE;
/*!40000 ALTER TABLE `calendar_ipos` DISABLE KEYS */;
INSERT INTO `calendar_ipos` VALUES (1,'vero','sun','http://lorempixel.com/640/480/','1971-10-06',1225.50,2780.50,'And in she went. Once more she found this a good deal frightened at the bottom of the thing Mock Turtle a little startled when she got used to know. Let me see: that would be grand, certainly,\' said.','Dolor magni porro id sed ipsum est. Officiis soluta occaecati impedit aut voluptas enim. Soluta nostrum aut cum veniam. Ipsum inventore voluptas repellendus velit.','2020-12-22 20:05:20','2020-12-22 23:05:59'),(2,'ut','eaq','http://lorempixel.com/640/480/','2005-03-18',6374.18,7929.18,'GAVE HER ONE, THEY GAVE HIM TWO--\" why, that must be the use of a good deal until she made her draw back in a hurry that she was appealed to by the officers of the March Hare said to herself, and.','Sed tempore laborum perferendis fuga ut impedit ut. Quo eveniet accusamus quam. Eum praesentium et vel ducimus doloremque sint.','2020-12-22 20:05:20','2020-12-22 23:05:59'),(3,'omnis','lab','http://lorempixel.com/640/480/','2020-04-26',13193.39,14748.39,'I will prosecute YOU.--Come, I\'ll take no denial; We must have been that,\' said the Queen. \'Sentence first--verdict afterwards.\' \'Stuff and nonsense!\' said Alice doubtfully: \'it.','Facilis maiores eius facere neque. Doloremque et qui ut quia deserunt officiis. Totam reprehenderit dolorem magnam impedit est totam optio.','2020-12-22 20:05:20','2020-12-22 23:05:59'),(4,'similique','ex','http://lorempixel.com/640/480/','2005-11-24',1843.43,3398.43,'VERY ugly; and secondly, because they\'re making such a thing as a drawing of a feather flock together.\"\' \'Only mustard isn\'t a letter, written by the officers of the jurors were all shaped like the.','Deleniti et praesentium impedit omnis quod in. Aspernatur ullam odit ea ea maxime.','2020-12-22 20:05:20','2020-12-22 23:07:52'),(5,'facilis','qui','http://lorempixel.com/640/480/','1986-08-05',14635.97,16190.97,'Alice timidly. \'Would you like the Queen?\' said the Hatter. \'He won\'t stand beating. Now, if you only walk long enough.\' Alice felt a little timidly, for she was beginning to write with one eye; \'I.','Voluptates quaerat earum iusto. Magni in ut qui. Voluptate id quia omnis. Vitae ut voluptas eius autem expedita rerum pariatur.','2020-12-22 20:05:20','2020-12-22 23:07:52'),(6,'eaque','adi','http://lorempixel.com/640/480/','2002-05-14',7648.56,9203.56,'March Hare meekly replied. \'Yes, but some crumbs must have prizes.\' \'But who has won?\' This question the Dodo managed it.) First it marked out a race-course, in a twinkling! Half-past one, time for.','Fuga praesentium consequuntur corporis quidem itaque nulla modi. Et quia voluptatem in a voluptatem. Saepe quia fugit sint qui non sed dolorem.','2020-12-22 20:05:20','2020-12-22 23:07:52'),(7,'rerum','quo','http://lorempixel.com/640/480/','2020-09-28',9333.88,10888.88,'Alice dodged behind a great hurry to get in?\' \'There might be some sense in your pocket?\' he went on, taking first one side and then dipped suddenly down, so suddenly that Alice had got its head to.','Reiciendis sit explicabo quo totam aspernatur ad. Minima nesciunt corporis velit et fuga reiciendis. Et exercitationem temporibus aut possimus ad. Et laudantium similique est.','2020-12-22 20:05:20','2020-12-22 23:05:59'),(8,'dignissimos','qua','http://lorempixel.com/640/480/','2003-01-23',8722.74,10277.74,'Alice hastily replied; \'only one doesn\'t like changing so often, of course was, how to speak good English); \'now I\'m opening out like the three were all talking at once, she found herself in a low,.','Labore non id commodi. Quibusdam qui illum eius praesentium. Explicabo ut explicabo dolorum.','2020-12-22 20:05:20','2020-12-22 23:05:59'),(9,'corporis','cum','http://lorempixel.com/640/480/','2002-01-27',611.04,2166.04,'Alice after it, and behind it, it occurred to her ear. \'You\'re thinking about something, my dear, and that if something wasn\'t done about it in large letters. It was the first position in dancing.\'.','Dolorem blanditiis vel aut cupiditate fugiat. Eligendi reprehenderit in a delectus voluptatem. Aut consequatur sunt est. Magnam perspiciatis perferendis nemo quo quis et.','2020-12-22 20:05:20','2020-12-22 23:07:52'),(10,'nam','nul','http://lorempixel.com/640/480/','1991-12-13',6885.97,8440.97,'Alice. \'What IS the fun?\' said Alice. The King turned pale, and shut his note-book hastily. \'Consider your verdict,\' the King was the matter with it. There could be no chance of this, so that they.','Qui consequatur magnam error ex vel. Eum velit aut quidem molestiae aut et.\nPerferendis aut repellendus atque alias. Et veniam rem quis officiis et. Ullam commodi temporibus qui enim et aut illo sed.','2020-12-22 20:05:20','2020-12-22 23:07:52'),(11,'autem','ven','http://lorempixel.com/640/480/','2020-07-19',2595.75,4150.75,'I hadn\'t drunk quite so much!\' Alas! it was as much as she could. \'The Dormouse is asleep again,\' said the Knave, \'I didn\'t write it, and fortunately was just going to begin lessons: you\'d only have.','Quia voluptatem voluptatem non qui corporis. Eos eligendi corporis repellendus dolorem. Ut voluptatem fugiat qui adipisci commodi sint ut ullam.','2020-12-22 20:05:20','2020-12-22 23:07:52'),(12,'corrupti','num','http://lorempixel.com/640/480/','2004-11-24',7319.84,8874.84,'I\'ve tried to beat them off, and Alice guessed who it was, and, as there was Mystery,\' the Mock Turtle, capering wildly about. \'Change lobsters again!\' yelled the Gryphon as if it wasn\'t very civil.','Reiciendis est vel necessitatibus explicabo aut. Quis culpa dolorum et perspiciatis. Officiis similique ad iure accusamus autem quidem. Et a et consequatur reiciendis officia consequatur.','2020-12-22 20:05:20','2020-12-22 23:07:52'),(13,'dolorem','in','http://lorempixel.com/640/480/','2018-02-02',13810.96,15365.96,'Alice, \'as all the right house, because the chimneys were shaped like ears and the little door, so she went on again: \'Twenty-four hours, I THINK; or is it directed to?\' said the Hatter: \'it\'s very.','Perspiciatis quo magni velit et. Vitae dolor ipsam at sint voluptatibus. Sed ullam ut qui consequatur tenetur. Quia harum dicta consectetur architecto.','2020-12-22 20:05:20','2020-12-22 23:07:52'),(14,'occaecati','ali','http://lorempixel.com/640/480/','1988-03-07',2094.26,3649.26,'The twelve jurors were all in bed!\' On various pretexts they all stopped and looked anxiously over his shoulder as he said in a trembling voice:-- \'I passed by his face only, she would feel very.','Est id minima nemo velit aut tempore. Voluptatem doloremque eum reprehenderit. Dolores temporibus ut odio hic et et.','2020-12-22 20:05:20','2020-12-22 23:05:59'),(15,'illo','a','http://lorempixel.com/640/480/','2009-07-11',14037.44,15592.44,'Alice did not like to drop the jar for fear of their hearing her; and the words \'DRINK ME,\' but nevertheless she uncorked it and put it more clearly,\' Alice replied eagerly, for she had tired.','Maiores delectus beatae soluta quae ad. Quis nobis omnis voluptatem qui earum quod et. Et quia praesentium saepe voluptatem sapiente esse. Et praesentium ratione ex tempore.','2020-12-22 20:05:20','2020-12-22 23:05:57'),(16,'molestiae','asp','http://lorempixel.com/640/480/','1989-03-05',3903.42,5458.42,'YOU, and no more to be seen: she found this a very little! Besides, SHE\'S she, and I\'m sure _I_ shan\'t be able! I shall only look up in spite of all this time, and was coming to, but it had gone..','Atque natus iusto explicabo et. Quia quia aut qui est esse accusantium dolor. Sint minus neque rerum maiores enim facilis molestias. Et beatae repellat ea autem.','2020-12-22 20:05:20','2020-12-22 23:07:52'),(17,'sint','aut','http://lorempixel.com/640/480/','1993-05-21',7403.77,8958.77,'I\'m certain! I must go back by railway,\' she said to the waving of the Rabbit\'s voice; and the moment she felt very lonely and low-spirited. In a little nervous about it just missed her. Alice.','Laborum aliquid ut at reprehenderit saepe nulla qui. Voluptate maiores consequatur vel. Quia laborum ratione odio veniam ab temporibus in. Quas quia voluptatibus ea repellat nulla.','2020-12-22 20:05:20','2020-12-22 23:07:52'),(18,'magni','eum','http://lorempixel.com/640/480/','2000-06-10',10307.58,11862.58,'However, when they arrived, with a trumpet in one hand and a long breath, and said \'What else had you to sit down without being invited,\' said the King. \'It began with the day and night! You see the.','Consequatur ut totam voluptatem tempora ut porro corrupti corporis. Quia sit unde quas veniam quam qui. Sunt dolor amet assumenda ex quo.','2020-12-22 20:05:20','2020-12-22 23:07:52'),(19,'et','ut','http://lorempixel.com/640/480/','1999-03-07',14325.61,15880.61,'HE was.\' \'I never thought about it,\' added the Gryphon; and then hurried on, Alice started to her chin in salt water. Her first idea was that you never to lose YOUR temper!\' \'Hold your tongue!\' said.','Ab incidunt suscipit praesentium rem id. Aliquid odit porro quidem vel fuga autem.\nQuia deserunt odio aut provident. Ut laborum dolor eos laudantium ea voluptatem tempore sint.','2020-12-22 20:05:20','2020-12-22 23:05:57'),(20,'ab','et','http://lorempixel.com/640/480/','2017-12-01',10704.30,12259.30,'Said the mouse doesn\'t get out.\" Only I don\'t like it, yer honour, at all, as the other.\' As soon as look at it!\' This speech caused a remarkable sensation among the branches, and every now and then.','Est rerum tenetur sit eos placeat vero non. Voluptatem voluptas quas dolorem tenetur ducimus et. Et aut quia id dicta ratione sit rerum hic. Ex aut voluptatum harum nostrum.','2020-12-22 20:05:20','2020-12-22 23:05:57'),(21,'tenetur','aut','http://lorempixel.com/640/480/','2006-02-20',10543.69,12098.69,'March Hare, who had got burnt, and eaten up by wild beasts and other unpleasant things, all because they WOULD go with Edgar Atheling to meet William and offer him the crown. William\'s conduct at.','Est sed non amet laborum ut. Unde aut nam et est dolorum sint iure. Ex pariatur error et at omnis quasi animi. Et quos et quos architecto.','2020-12-22 20:05:20','2020-12-22 23:07:52'),(22,'alias','vol','http://lorempixel.com/640/480/','1991-01-17',5604.53,7159.53,'Dormouse is asleep again,\' said the youth, \'and your jaws are too weak For anything tougher than suet; Yet you balanced an eel on the floor, and a crash of broken glass, from which she had drunk.','Qui eaque voluptatem nostrum excepturi maiores perspiciatis. Ut dicta laborum consequatur eligendi. Et debitis et minima consectetur commodi facilis.','2020-12-22 20:05:20','2020-12-22 23:05:59'),(23,'minus','nis','http://lorempixel.com/640/480/','1978-09-22',11390.60,12945.60,'I\'m opening out like the three gardeners instantly threw themselves flat upon their faces. There was a body to cut it off from: that he had never heard it before,\' said Alice,) and round Alice,.','Illo ex nihil officia dolores omnis necessitatibus aut. At eum et tempora alias debitis tempora soluta. Provident consequatur qui illo consequatur itaque aspernatur eum.','2020-12-22 20:05:20','2020-12-22 23:07:52'),(24,'mollitia','vol','http://lorempixel.com/640/480/','2004-08-12',10138.38,11693.38,'Alice called after her. \'I\'ve something important to say!\' This sounded promising, certainly: Alice turned and came back again. \'Keep your temper,\' said the voice. \'Fetch me my gloves this moment!\'.','Voluptatum laudantium aut fugiat vitae. Ad nesciunt natus necessitatibus aut qui nostrum fuga. Dolores ratione debitis eos sed voluptatum vel.','2020-12-22 20:05:20','2020-12-22 23:05:59'),(25,'ratione','mol','http://lorempixel.com/640/480/','2017-12-03',1519.12,3074.12,'How the Owl had the door as you can--\' \'Swim after them!\' screamed the Gryphon. \'Of course,\' the Dodo could not stand, and she thought to herself how she would manage it. \'They must go back by.','Quam reiciendis adipisci veniam. In commodi ipsam dolores rerum minima. Accusamus repellendus voluptas quasi aliquam distinctio enim.','2020-12-22 20:05:20','2020-12-22 23:07:52'),(26,'id','et','http://lorempixel.com/640/480/','1988-03-11',7179.44,8734.44,'Pigeon, but in a few minutes to see a little irritated at the sides of the way--\' \'THAT generally takes some time,\' interrupted the Gryphon. \'How the creatures wouldn\'t be so stingy about it, you.','Et repellendus et labore natus debitis. Nihil architecto sed totam dolores quia nihil eaque. Ad est autem et quis animi voluptas.','2020-12-22 20:05:20','2020-12-22 23:05:57'),(27,'accusantium','sol','http://lorempixel.com/640/480/','2001-12-01',1338.87,2893.87,'King: \'leave out that it felt quite relieved to see some meaning in it,\' but none of YOUR adventures.\' \'I could tell you how the game was in livery: otherwise, judging by his garden.\"\' Alice did not.','Natus asperiores aut veniam dicta cupiditate id enim illo. Maxime ducimus velit molestias id quasi autem sed. Labore sint perferendis et alias illum cumque.','2020-12-22 20:05:20','2020-12-22 23:07:52'),(28,'officiis','eli','http://lorempixel.com/640/480/','2007-09-30',155.01,1710.01,'I eat one of the tail, and ending with the words don\'t FIT you,\' said Alice, seriously, \'I\'ll have nothing more happened, she decided on going into the Dormouse\'s place, and Alice looked all round.','Qui cum impedit itaque nesciunt distinctio. Quibusdam architecto itaque quasi esse. Et atque ut magnam aut voluptatem corrupti voluptates. Aut sapiente alias numquam rem.','2020-12-22 20:05:20','2020-12-22 23:07:52'),(29,'placeat','cor','http://lorempixel.com/640/480/','1999-01-13',11757.44,13312.44,'Alice felt dreadfully puzzled. The Hatter\'s remark seemed to rise like a wild beast, screamed \'Off with her friend. When she got used to say than his first speech. \'You should learn not to be told.','Voluptatem doloremque odit quia. Doloremque consectetur occaecati a ipsam magnam nesciunt. Animi reiciendis eos ut non placeat.','2020-12-22 20:05:20','2020-12-22 23:07:52'),(30,'occaecati','asp','http://lorempixel.com/640/480/','2017-12-31',13321.15,14876.15,'Dormouse out of this pool? I am to see if she meant to take MORE than nothing.\' \'Nobody asked YOUR opinion,\' said Alice. \'And ever since that,\' the Hatter with a shiver. \'I beg your pardon!\' cried.','Sequi nemo harum omnis. Itaque officiis quae illum adipisci asperiores voluptatem. Error molestiae expedita sit optio accusamus reiciendis dolor. Ex nostrum eum omnis.','2020-12-22 20:05:20','2020-12-22 23:05:59'),(31,'aut','acc','http://lorempixel.com/640/480/','1993-01-24',1332.46,2887.46,'White Rabbit was no use in crying like that!\' \'I couldn\'t help it,\' said the Gryphon, half to Alice. \'Nothing,\' said Alice. \'Well, I should be free of them were animals, and some of YOUR business,.','Odio et illo rem vero. Nostrum expedita nulla qui ut enim rerum. Rerum ut aut et aut a.','2020-12-22 20:05:20','2020-12-22 23:07:52'),(32,'sed','des','http://lorempixel.com/640/480/','2008-09-17',11697.85,13252.85,'White Rabbit, trotting slowly back to her: its face to see what the name of nearly everything there. \'That\'s the most interesting, and perhaps as this is May it won\'t be raving mad--at least not so.','Quam officia et ipsam qui accusamus earum sunt. Debitis consequatur animi rerum modi eligendi et. Sit minima animi adipisci numquam. Sed quas hic repellat doloremque.','2020-12-22 20:05:20','2020-12-22 23:05:59'),(33,'deserunt','et','http://lorempixel.com/640/480/','2003-02-24',9490.87,11045.87,'I can creep under the hedge. In another minute there was no \'One, two, three, and away,\' but they began moving about again, and all her knowledge of history, Alice had been looking at it again: but.','Atque dicta porro qui esse. Laboriosam dolor repudiandae est eos unde. Qui nihil necessitatibus repellat animi reprehenderit qui.','2020-12-22 20:05:20','2020-12-22 23:05:57'),(34,'adipisci','mod','http://lorempixel.com/640/480/','2020-11-09',12359.78,13914.78,'CHAPTER X. The Lobster Quadrille The Mock Turtle\'s heavy sobs. Lastly, she pictured to herself \'It\'s the first to break the silence. \'What day of the court,\" and I shall see it trot away quietly.','Dicta quasi explicabo voluptatum dolores voluptatum aut. Nihil omnis necessitatibus enim consequatur minus cupiditate. Consequatur optio consequatur nisi dolore mollitia et ipsam.','2020-12-22 20:05:20','2020-12-22 23:05:59'),(35,'quos','quo','http://lorempixel.com/640/480/','1995-11-02',3325.32,4880.32,'IN the well,\' Alice said nothing; she had been found and handed them round as prizes. There was nothing else to say but \'It belongs to a mouse, you know. Come on!\' \'Everybody says \"come on!\" here,\'.','Nesciunt ea alias qui voluptates quisquam praesentium. Consequatur et et modi cumque. Laboriosam itaque sed earum consequuntur iste.','2020-12-22 20:05:20','2020-12-22 23:05:59'),(36,'et','vol','http://lorempixel.com/640/480/','2020-01-26',9546.26,11101.26,'Alice could not possibly reach it: she could do to hold it. As soon as she added, to herself, \'because of his shrill little voice, the name \'Alice!\' CHAPTER XII. Alice\'s Evidence \'Here!\' cried.','A eaque sunt quaerat odit voluptatem odio et numquam. Provident in eius aut. Pariatur ab sit eos perspiciatis voluptatibus eos.','2020-12-22 20:05:20','2020-12-22 23:07:52'),(37,'ut','dol','http://lorempixel.com/640/480/','2008-06-20',7754.32,9309.32,'The Knave shook his grey locks, \'I kept all my life, never!\' They had a little house in it about four inches deep and reaching half down the middle, wondering how she would get up and said, very.','Maiores cum architecto quia. Voluptatem voluptas omnis laudantium quo corporis dolores ducimus. Quod nihil ipsa reprehenderit nisi.','2020-12-22 20:05:20','2020-12-22 23:07:52'),(38,'reiciendis','et','http://lorempixel.com/640/480/','2013-07-15',10131.81,11686.81,'Alice soon began talking to him,\' said Alice aloud, addressing nobody in particular. \'She\'d soon fetch it back!\' \'And who is Dinah, if I know all sorts of little pebbles came rattling in at the.','Minima harum ut at est. Impedit reiciendis ipsa minus facere neque accusantium. Porro reprehenderit est autem nobis.\nIllo et nobis natus officiis ipsam. Totam impedit accusamus illum culpa.','2020-12-22 20:05:20','2020-12-22 23:07:52'),(39,'distinctio','ear','http://lorempixel.com/640/480/','2018-06-16',12395.09,13950.09,'I had our Dinah here, I know I have dropped them, I wonder?\' As she said these words her foot as far as they used to call him Tortoise, if he would not allow without knowing how old it was, even.','Repudiandae qui excepturi nobis facilis nemo neque quam omnis. Pariatur debitis voluptate est in omnis neque. Molestias quod vel id ducimus est.','2020-12-22 20:05:20','2020-12-22 23:07:52'),(40,'eum','fac','http://lorempixel.com/640/480/','1984-01-12',1579.04,3134.04,'Gryphon. Alice did not much like keeping so close to her daughter \'Ah, my dear! I shall have to turn into a large kitchen, which was the Cat said, waving its right paw round, \'lives a Hatter: and in.','Harum sit quaerat porro excepturi ut tenetur dolores. Quaerat quasi est perferendis voluptates quod quia nihil. Voluptatem reiciendis et consequuntur accusantium.','2020-12-22 20:05:20','2020-12-22 23:05:59'),(41,'aut','dic','http://lorempixel.com/640/480/','2001-10-17',708.93,2263.93,'Then she went to school every day--\' \'I\'VE been to the law, And argued each case with my wife; And the Gryphon hastily. \'Go on with the Gryphon. \'Well, I hardly know--No more, thank ye; I\'m better.','Natus aut earum ea qui. Necessitatibus id saepe praesentium dolorem voluptate quia. Repellendus saepe minima inventore minima repellat vitae dolores voluptatem.','2020-12-22 20:05:20','2020-12-22 23:05:59'),(42,'accusamus','tem','http://lorempixel.com/640/480/','2004-11-19',13806.52,15361.52,'He moved on as he fumbled over the wig, (look at the number of cucumber-frames there must be!\' thought Alice. \'Now we shall have to turn into a conversation. \'You don\'t know the song, \'I\'d have said.','Doloribus nostrum qui consectetur molestiae dolor quae explicabo. Exercitationem ab nostrum sunt commodi aliquam ex aut facere. Odio rerum ex sed amet minus suscipit quas.','2020-12-22 20:05:20','2020-12-22 23:07:52'),(43,'quia','est','http://lorempixel.com/640/480/','2014-03-18',6904.82,8459.82,'HE was.\' \'I never could abide figures!\' And with that she did not answer, so Alice went on, \'--likely to win, that it\'s hardly worth while finishing the game.\' The Queen turned crimson with fury,.','Adipisci suscipit ut similique alias ut. Voluptatem sit sed officiis animi reprehenderit. Hic magni soluta cum laboriosam.','2020-12-22 20:05:20','2020-12-22 23:07:52'),(44,'soluta','ex','http://lorempixel.com/640/480/','1976-04-06',8103.53,9658.53,'I\'m a hatter.\' Here the other end of the trial.\' \'Stupid things!\' Alice thought the poor animal\'s feelings. \'I quite forgot how to spell \'stupid,\' and that makes the matter on, What would become of.','Quisquam nam omnis voluptatem maiores autem. Expedita perspiciatis consequatur laborum voluptas magni repudiandae. Porro earum dolor dolorum.','2020-12-22 20:05:20','2020-12-22 23:07:52'),(45,'dicta','et','http://lorempixel.com/640/480/','1998-06-27',4802.21,6357.21,'So she sat down again into its face was quite surprised to find my way into a butterfly, I should like it put more simply--\"Never imagine yourself not to make personal remarks,\' Alice said very.','Enim modi vel consectetur. Non est tenetur ut est voluptatum. Illum omnis molestiae fuga.','2020-12-22 20:05:20','2020-12-22 23:05:57'),(46,'ipsam','dol','http://lorempixel.com/640/480/','1981-09-04',14699.45,16254.45,'She waited for some way, and the moment she felt that there was nothing so VERY much out of its mouth, and its great eyes half shut. This seemed to think this a good deal frightened by this time,.','Non et est architecto dolore. Nostrum quia voluptatum et perspiciatis.','2020-12-22 20:05:20','2020-12-22 23:07:52'),(47,'quae','nam','http://lorempixel.com/640/480/','1987-12-19',14089.62,15644.62,'INSIDE, you might catch a bad cold if she could have been changed several times since then.\' \'What do you call it sad?\' And she began thinking over all the same, the next verse,\' the Gryphon.','Aut asperiores non quia et facere quia. Nostrum fugiat atque illum aliquid ipsa consectetur. Excepturi est et neque sunt corrupti voluptas.','2020-12-22 20:05:20','2020-12-22 23:07:52'),(48,'itaque','inc','http://lorempixel.com/640/480/','1980-11-13',11348.77,12903.77,'Alice. \'Exactly so,\' said the Queen, the royal children; there were no arches left, and all sorts of things, and she, oh! she knows such a subject! Our family always HATED cats: nasty, low, vulgar.','Hic illum eveniet tenetur earum. Excepturi eum vero a. Voluptatem totam odit vero architecto enim voluptatibus a.','2020-12-22 20:05:20','2020-12-22 23:05:59'),(49,'incidunt','cup','http://lorempixel.com/640/480/','1978-04-02',14473.99,16028.99,'Time as well say this), \'to go on with the name again!\' \'I won\'t interrupt again. I dare say you never tasted an egg!\' \'I HAVE tasted eggs, certainly,\' said Alice, a good character, But said I.','Reiciendis nesciunt et voluptatem voluptatem quo saepe omnis. Omnis rerum voluptas non molestiae qui in est. Et rerum ut debitis. Fugiat quidem dolorem deserunt itaque sed quis et.','2020-12-22 20:05:20','2020-12-22 23:05:59'),(50,'dicta','mod','http://lorempixel.com/640/480/','2016-08-08',8322.61,9877.61,'And when I was going off into a large arm-chair at one and then she looked down at her for a minute or two the Caterpillar decidedly, and there they are!\' said the Hatter; \'so I can\'t remember,\'.','Culpa enim a cumque dicta excepturi quibusdam quaerat. Omnis omnis aliquam fugiat consectetur sed nemo possimus amet. Earum distinctio ea dolores occaecati animi.','2020-12-22 20:05:20','2020-12-22 23:05:59'),(51,'sunt','dis','http://lorempixel.com/640/480/','1975-08-15',13190.10,14745.10,'So Alice got up and say \"How doth the little golden key in the common way. So she sat on, with closed eyes, and half of anger, and tried to fancy to cats if you hold it too long; and that you.','Eveniet aut qui inventore consectetur placeat. Placeat exercitationem nulla qui harum. Nam ipsam perspiciatis vero.','2020-12-22 20:05:20','2020-12-22 23:07:52'),(52,'odio','aut','http://lorempixel.com/640/480/','2008-11-18',10981.67,12536.67,'King. (The jury all brightened up at the Mouse\'s tail; \'but why do you mean that you weren\'t to talk about her repeating \'YOU ARE OLD, FATHER WILLIAM,\"\' said the young lady tells us a story.\' \'I\'m.','Repudiandae cupiditate nisi voluptate ut. Accusamus officiis inventore totam sit sed voluptatem. Nesciunt nihil veritatis cumque porro quae dolor error. Saepe repudiandae id omnis cupiditate.','2020-12-22 20:05:20','2020-12-22 23:05:57'),(53,'quasi','cor','http://lorempixel.com/640/480/','2000-09-27',337.03,1892.03,'Gryphon, and the jury asked. \'That I can\'t quite follow it as a last resource, she put them into a sort of use in waiting by the way of settling all difficulties, great or small. \'Off with her face.','Dolor dolores sit voluptatem omnis placeat. Voluptatem quia quisquam eum eligendi animi. Impedit cumque molestias ab nihil id ratione.','2020-12-22 20:05:20','2020-12-22 23:05:59'),(54,'vel','aut','http://lorempixel.com/640/480/','1986-08-04',13739.15,15294.15,'The hedgehog was engaged in a low, weak voice. \'Now, I give it up,\' Alice replied: \'what\'s the answer?\' \'I haven\'t the slightest idea,\' said the Caterpillar. Alice folded her hands, and she thought.','Aut nesciunt neque delectus atque inventore ea et. Quia at similique rerum perspiciatis. Rerum ipsa nostrum adipisci ut ut error qui aspernatur.','2020-12-22 20:05:20','2020-12-22 23:05:57'),(55,'voluptates','arc','http://lorempixel.com/640/480/','1981-02-11',7683.68,9238.68,'ME\' beautifully printed on it were white, but there were no tears. \'If you\'re going to be, from one of the e--e--evening, Beautiful, beautiful Soup!\' CHAPTER XI. Who Stole the Tarts? The King and.','Molestias voluptates amet fugiat numquam tempore veritatis. Tenetur ipsam voluptatibus totam ea soluta odio aspernatur. Facilis quisquam consectetur aliquam optio qui eius qui.','2020-12-22 20:05:20','2020-12-22 23:05:59'),(56,'tempore','sit','http://lorempixel.com/640/480/','1973-08-22',12199.92,13754.92,'For some minutes it seemed quite natural); but when the White Rabbit, trotting slowly back again, and Alice was not here before,\' said Alice,) and round Alice, every now and then, \'we went to school.','Dolores fuga similique eum nesciunt. Sed sint dolorem illo ex optio. Explicabo suscipit exercitationem perferendis ut debitis inventore. Facilis dolor et excepturi vel ipsa voluptas non.','2020-12-22 20:05:20','2020-12-22 23:05:57'),(57,'autem','rec','http://lorempixel.com/640/480/','1989-09-14',7947.56,9502.56,'Alice guessed who it was, even before she gave one sharp kick, and waited till she was beginning to see if there were three gardeners who were all in bed!\' On various pretexts they all cheered..','Tempora aspernatur id iure nesciunt velit ut et numquam. Asperiores iusto praesentium ea velit. Sed ut neque quo voluptatem. Aliquam voluptatum consequatur vel iusto enim consequatur.','2020-12-22 20:05:20','2020-12-22 23:07:52'),(58,'animi','acc','http://lorempixel.com/640/480/','1987-05-07',3137.06,4692.06,'HATED cats: nasty, low, vulgar things! Don\'t let me hear the rattle of the lefthand bit of stick, and held it out again, so violently, that she tipped over the wig, (look at the great question is,.','Non nam quos molestias tempora voluptatem. Autem dicta consequatur quia sint rerum. Itaque minus voluptates placeat et ut voluptatum.','2020-12-22 20:05:20','2020-12-22 23:07:52'),(59,'quia','aut','http://lorempixel.com/640/480/','1999-08-11',6841.59,8396.59,'ME,\' said Alice desperately: \'he\'s perfectly idiotic!\' And she tried to curtsey as she could, for the next moment a shower of little cartwheels, and the pool rippling to the company generally, \'You.','Repudiandae totam molestias doloremque vitae dolores non temporibus. Dolorem quia est repellat assumenda voluptatum eius.','2020-12-22 20:05:20','2020-12-22 23:07:52'),(60,'ratione','fac','http://lorempixel.com/640/480/','2010-02-08',9795.80,11350.80,'I don\'t want to stay with it as a last resource, she put them into a sort of mixed flavour of cherry-tart, custard, pine-apple, roast turkey, toffee, and hot buttered toast,) she very good-naturedly.','Explicabo rerum facilis maxime necessitatibus. Voluptates sint cumque molestias maiores consequatur. Quo tenetur nulla doloremque recusandae maiores et.','2020-12-22 20:05:20','2020-12-22 23:07:52'),(61,'veritatis','rec','http://lorempixel.com/640/480/','2007-02-23',13453.22,15008.22,'Alice replied very gravely. \'What else had you to offer it,\' said the Dodo suddenly called out \'The Queen! The Queen!\' and the whole party look so grave and anxious.) Alice could speak again. The.','Quam quia enim iure deleniti omnis explicabo. Possimus molestiae occaecati quibusdam exercitationem tempore et est. Rerum non fugit est necessitatibus.','2020-12-22 20:05:20','2020-12-22 23:07:52'),(62,'fugiat','ali','http://lorempixel.com/640/480/','1990-06-29',7877.72,9432.72,'Alice sadly. \'Hand it over a little anxiously. \'Yes,\' said Alice doubtfully: \'it means--to--make--anything--prettier.\' \'Well, then,\' the Cat went on, taking first one side and up I goes like a.','Veniam modi est aut ut ut. In corporis rerum libero quod. Consequatur non beatae eveniet quos consequuntur voluptatem. Quod dolores neque incidunt quisquam ut est quam.','2020-12-22 20:05:20','2020-12-22 23:05:59'),(63,'molestiae','dol','http://lorempixel.com/640/480/','1991-10-30',14027.93,15582.93,'King said to herself. \'Shy, they seem to encourage the witness at all: he kept shifting from one end to the Mock Turtle went on again:-- \'I didn\'t write it, and behind it, it occurred to her full.','Laudantium error temporibus dolorum dolores. Nulla deleniti necessitatibus nihil. Adipisci ea sunt sint expedita molestias omnis.','2020-12-22 20:05:20','2020-12-22 23:07:52'),(64,'exercitationem','ali','http://lorempixel.com/640/480/','1980-06-21',1505.50,3060.50,'I beg your acceptance of this pool? I am now? That\'ll be a very curious to know when the Rabbit say, \'A barrowful of WHAT?\' thought Alice; \'I must be shutting up like a mouse, you know. Please,.','Consequatur illo nesciunt quo similique quod doloremque. Sunt commodi ullam molestiae dolore. Eum ut quis eos ratione id qui. Sed iusto sit ut facere sint.','2020-12-22 20:05:20','2020-12-22 23:07:52'),(65,'omnis','rem','http://lorempixel.com/640/480/','2003-03-22',10442.69,11997.69,'I to do?\' said Alice. \'Then you may SIT down,\' the King had said that day. \'That PROVES his guilt,\' said the Gryphon. \'We can do no more, whatever happens. What WILL become of me? They\'re dreadfully.','Dignissimos saepe quidem id recusandae magnam deleniti soluta quaerat. Non laudantium et eum harum. Quia soluta aut et.','2020-12-22 20:05:20','2020-12-22 23:05:57'),(66,'aliquam','vol','http://lorempixel.com/640/480/','1975-06-19',2695.95,4250.95,'I was thinking I should like to have got altered.\' \'It is a long time with great curiosity, and this was his first speech. \'You should learn not to lie down upon their faces, and the reason and all.','Perspiciatis aut distinctio porro quibusdam architecto. Eos doloremque est molestiae. Est sapiente soluta sit non.','2020-12-22 20:05:20','2020-12-22 23:07:52'),(67,'itaque','atq','http://lorempixel.com/640/480/','1984-04-30',12150.67,13705.67,'I breathe\"!\' \'It IS a Caucus-race?\' said Alice; \'that\'s not at all anxious to have no idea what to beautify is, I can\'t show it you myself,\' the Mock Turtle sighed deeply, and drew the back of one.','Non esse velit sint possimus natus consequatur distinctio. Tempora non aliquam quia optio. Voluptas eaque ullam in expedita.','2020-12-22 20:05:20','2020-12-22 23:05:59'),(68,'inventore','qui','http://lorempixel.com/640/480/','1995-10-29',7664.50,9219.50,'Time, and round Alice, every now and then, if I must, I must,\' the King said to herself; \'his eyes are so VERY remarkable in that; nor did Alice think it would be a comfort, one way--never to be.','Incidunt explicabo sint et. Aspernatur nisi exercitationem asperiores esse dolorum aut quo. Cum eveniet cum cumque illo molestias ut.','2020-12-22 20:05:20','2020-12-22 23:05:57'),(69,'ipsam','con','http://lorempixel.com/640/480/','1995-02-16',1869.51,3424.51,'Queen of Hearts were seated on their throne when they had been to her, so she began nibbling at the other was sitting on the shingle--will you come to the conclusion that it was over at last, with a.','Aut voluptas laborum repellat. Provident tempora et sunt neque totam nesciunt sed. Qui necessitatibus et ut et nesciunt ut.','2020-12-22 20:05:20','2020-12-22 23:07:52'),(70,'vero','ut','http://lorempixel.com/640/480/','1996-12-16',1353.03,2908.03,'Gryphon. \'Well, I hardly know--No more, thank ye; I\'m better now--but I\'m a hatter.\' Here the Queen in a melancholy way, being quite unable to move. She soon got it out into the air. She did not see.','Velit et sed expedita unde minus qui consequatur. Explicabo repudiandae repudiandae nulla odit illo assumenda est. Aspernatur voluptatum repudiandae recusandae repellat accusamus sed debitis nulla.','2020-12-22 20:05:20','2020-12-22 23:07:52'),(71,'soluta','vol','http://lorempixel.com/640/480/','1989-06-30',1155.65,2710.65,'Alice had been jumping about like mad things all this time, and was going on, as she said this, she came in sight of the busy farm-yard--while the lowing of the month is it?\' Alice panted as she.','Dolorum aut ad dolor veniam. Enim sint quos quo perspiciatis. Voluptatem consequatur et velit doloremque ab enim ullam. Quis est molestiae ut deleniti rerum nesciunt veniam.','2020-12-22 20:05:20','2020-12-22 23:05:59'),(72,'molestiae','ab','http://lorempixel.com/640/480/','1982-12-23',1718.14,3273.14,'RABBIT\' engraved upon it. She went in search of her childhood: and how she would have called him a fish)--and rapped loudly at the thought that she had never forgotten that, if you don\'t know of any.','Nostrum eos perferendis sequi laborum aspernatur eveniet cupiditate. Error aliquam dolore quidem odio voluptatem est. Consequuntur iusto autem qui laborum.','2020-12-22 20:05:20','2020-12-22 23:07:52'),(73,'placeat','quo','http://lorempixel.com/640/480/','2010-10-03',5122.77,6677.77,'Alice, as the Caterpillar sternly. \'Explain yourself!\' \'I can\'t explain MYSELF, I\'m afraid, but you might catch a bat, and that\'s all I can remember feeling a little house in it a very fine day!\'.','Laudantium ea et tenetur molestias commodi sequi. Sed exercitationem repudiandae fugit qui iste rerum. Ut quis doloribus laudantium et ea. Est ipsum distinctio exercitationem optio id quis.','2020-12-22 20:05:20','2020-12-22 23:07:52'),(74,'qui','qui','http://lorempixel.com/640/480/','2008-09-12',5458.41,7013.41,'I never understood what it meant till now.\' \'If that\'s all you know about this business?\' the King said to herself, \'if one only knew the meaning of half an hour or so, and giving it a violent blow.','Libero consequatur tempora quam blanditiis hic sit. Qui perspiciatis ad et placeat nihil ducimus tenetur esse. Aut impedit autem eos asperiores facere deserunt.','2020-12-22 20:05:20','2020-12-22 23:05:57'),(75,'eligendi','dol','http://lorempixel.com/640/480/','1974-01-31',11922.76,13477.76,'It sounded an excellent opportunity for repeating his remark, with variations. \'I shall sit here,\' he said, turning to Alice, very much at first, but, after watching it a violent blow underneath her.','Nostrum exercitationem enim dolorum. Minima ratione ipsa earum omnis cum ex. Sunt vel et doloribus quisquam consectetur et deleniti recusandae.','2020-12-22 20:05:20','2020-12-22 23:07:52'),(76,'enim','pro','http://lorempixel.com/640/480/','1970-08-12',13237.56,14792.56,'Pray, what is the driest thing I ever saw one that size? Why, it fills the whole thing very absurd, but they were gardeners, or soldiers, or courtiers, or three of the bread-and-butter. Just at this.','In ipsa ut adipisci. In est in et deserunt dignissimos ut. Incidunt nam qui quia reiciendis et et quis. Itaque et nostrum minus.','2020-12-22 20:05:20','2020-12-22 23:05:59'),(77,'nulla','rep','http://lorempixel.com/640/480/','2003-11-02',418.51,1973.51,'Lobster Quadrille, that she did not like to see if she had put on his spectacles. \'Where shall I begin, please your Majesty?\' he asked. \'Begin at the White Rabbit blew three blasts on the bank, and.','Sequi cupiditate consequatur nesciunt eos deleniti. Est libero veniam molestiae quia. Repudiandae omnis amet nemo ut ipsam ipsam nulla. Sed suscipit nemo quis cumque est vel.','2020-12-22 20:05:20','2020-12-22 23:07:52'),(78,'cum','odi','http://lorempixel.com/640/480/','1992-10-03',7378.87,8933.87,'Cat, as soon as look at me like a star-fish,\' thought Alice. \'Now we shall get on better.\' \'I\'d rather not,\' the Cat remarked. \'Don\'t be impertinent,\' said the Duchess, it had VERY long claws and a.','Enim quia quia rem quo ea ea. Sunt labore ab illum placeat amet fugit optio. Reprehenderit ut et itaque sint ut quo.','2020-12-22 20:05:20','2020-12-22 23:05:59'),(79,'amet','nis','http://lorempixel.com/640/480/','2002-06-09',5637.82,7192.82,'Mock Turtle replied; \'and then the Rabbit\'s voice along--\'Catch him, you by the officers of the reeds--the rattling teacups would change (she knew) to the tarts on the whole cause, and condemn you.','Impedit voluptatum minus reprehenderit aut et aspernatur. Qui quaerat nostrum qui ut libero. Sit amet ipsa aut qui tenetur dicta. Excepturi eos quasi quis.','2020-12-22 20:05:20','2020-12-22 23:05:59'),(80,'dolorem','eve','http://lorempixel.com/640/480/','2014-01-04',6051.50,7606.50,'Alice whispered to the Knave was standing before them, in chains, with a soldier on each side, and opened their eyes and mouths so VERY nearly at the other, saying, in a shrill, loud voice, and see.','Repudiandae modi maiores voluptates porro et aliquid. Harum ratione non aperiam aut. Voluptatum veritatis sequi minus eum. Totam numquam adipisci autem.','2020-12-22 20:05:20','2020-12-22 23:05:59'),(81,'et','qui','http://lorempixel.com/640/480/','2018-11-24',13343.04,14898.04,'Alice thought to herself how this same little sister of hers that you think you\'re changed, do you?\' \'I\'m afraid I\'ve offended it again!\' For the Mouse only growled in reply. \'Idiot!\' said the.','Nesciunt dolorum beatae omnis officia voluptatem. Maiores iure neque saepe.\nRerum et ut est beatae et. Qui mollitia sit sit sequi est porro. Omnis sapiente harum quam odio.','2020-12-22 20:05:20','2020-12-22 23:07:52'),(82,'sapiente','exp','http://lorempixel.com/640/480/','2010-02-20',3559.71,5114.71,'So she set to work, and very nearly getting up and leave the room, when her eye fell upon a little nervous about it while the rest of the miserable Mock Turtle. \'Seals, turtles, salmon, and so on.\'.','Ut fugiat sapiente sint blanditiis. Temporibus ut ut tempore reprehenderit vel eos delectus. Culpa iusto neque nemo ipsam et velit mollitia. In possimus molestias et.','2020-12-22 20:05:20','2020-12-22 23:07:52'),(83,'non','ver','http://lorempixel.com/640/480/','1997-06-14',7768.43,9323.43,'Alice could not swim. He sent them word I had not gone much farther before she had never left off writing on his slate with one elbow against the roof off.\' After a while she ran, as well wait, as.','Repellat corrupti excepturi vel magnam aperiam modi est. Et labore et et vel aut. Est necessitatibus quis placeat quo vel aut ea.','2020-12-22 20:05:20','2020-12-22 23:05:59'),(84,'eaque','pro','http://lorempixel.com/640/480/','1979-01-08',13162.00,14717.00,'She said this she looked up, but it was an immense length of neck, which seemed to think this a very melancholy voice. \'Repeat, \"YOU ARE OLD, FATHER WILLIAM,\"\' said the Hatter. \'It isn\'t mine,\' said.','Cum aut rerum qui libero vero eos dolor. Repudiandae perferendis culpa voluptas et eum natus. Voluptatem et pariatur harum animi voluptatem temporibus consequatur sed.','2020-12-22 20:05:20','2020-12-22 23:07:52'),(85,'laboriosam','sit','http://lorempixel.com/640/480/','2017-10-14',12503.74,14058.74,'Alice had no idea what you\'re talking about,\' said Alice. \'I mean what I say--that\'s the same solemn tone, only changing the order of the house, and wondering what to beautify is, I can\'t put it.','Qui nihil recusandae quis at odio. Provident repellat maiores dolorem qui mollitia. Qui rem numquam aut sit ut. Voluptas nihil tempora et at ex a explicabo. Illo est quis eos non explicabo.','2020-12-22 20:05:20','2020-12-22 23:07:52'),(86,'voluptas','et','http://lorempixel.com/640/480/','2005-05-07',8031.69,9586.69,'Some of the room again, no wonder she felt very lonely and low-spirited. In a little wider. \'Come, it\'s pleased so far,\' said the Pigeon. \'I can tell you my adventures--beginning from this morning,\'.','Et possimus qui amet odit. Aut qui ab amet quia laboriosam. Repellendus sapiente et odio debitis nostrum. Aut sint et suscipit ratione est.','2020-12-22 20:05:20','2020-12-22 23:05:57'),(87,'odio','con','http://lorempixel.com/640/480/','1970-07-22',2646.22,4201.22,'I could let you out, you know.\' \'Not at all,\' said Alice: \'she\'s so extremely--\' Just then her head struck against the roof off.\' After a time she went back to my right size: the next moment a.','Voluptate itaque et quo dicta maxime cumque. Minus deserunt corporis illum non mollitia enim rem voluptatibus. Esse et vero ut et.','2020-12-22 20:05:20','2020-12-22 23:05:59'),(88,'qui','et','http://lorempixel.com/640/480/','1993-08-18',4135.05,5690.05,'Dormouse. \'Fourteenth of March, I think you\'d better finish the story for yourself.\' \'No, please go on!\' Alice said to a lobster--\' (Alice began to feel which way you can;--but I must be a comfort,.','Excepturi occaecati quas sint quo consequatur ea voluptas quos. Praesentium rerum sed voluptatum at maiores. Possimus recusandae sapiente saepe occaecati eligendi qui. Omnis quam et quod dolores non.','2020-12-22 20:05:20','2020-12-22 23:05:57'),(89,'expedita','per','http://lorempixel.com/640/480/','1983-05-15',12735.57,14290.57,'FIT you,\' said the Cat. \'Do you play croquet with the clock. For instance, if you cut your finger VERY deeply with a smile. There was a dead silence. \'It\'s a Cheshire cat,\' said the Caterpillar took.','Omnis aut necessitatibus animi itaque non sunt. Delectus debitis ut debitis perferendis. Sint perferendis tempora nam tempore nesciunt. Dolorem eos harum ex rerum est officiis minus.','2020-12-22 20:05:20','2020-12-22 23:07:52'),(90,'ex','qua','http://lorempixel.com/640/480/','1998-06-02',6271.69,7826.69,'Alice to find it out, we should all have our heads cut off, you know. But do cats eat bats? Do cats eat bats? Do cats eat bats?\' and sometimes, \'Do bats eat cats?\' for, you see, Miss, this here.','Fugit ut voluptatum unde et corporis est eum. Molestiae non eum vitae et neque non molestiae. Laudantium est magni sit nulla velit quis quisquam qui. Fuga voluptatem voluptatum debitis in doloremque.','2020-12-22 20:05:20','2020-12-22 23:05:59'),(91,'quae','ten','http://lorempixel.com/640/480/','1988-02-15',8150.76,9705.76,'It was high time to avoid shrinking away altogether. \'That WAS a curious dream, dear, certainly: but now run in to your tea; it\'s getting late.\' So Alice got up in spite of all the unjust things--\'.','Pariatur harum molestiae dolor commodi molestiae ipsam iure qui. Libero eos amet doloribus ex asperiores assumenda. At assumenda cumque repudiandae reprehenderit.','2020-12-22 20:05:20','2020-12-22 23:05:59'),(92,'repellat','min','http://lorempixel.com/640/480/','1975-04-29',6937.73,8492.73,'Alice knew it was very fond of beheading people here; the great concert given by the officers of the officers: but the Dormouse again, so violently, that she had quite a chorus of voices asked..','Deleniti distinctio similique omnis veniam dolor officiis accusantium. Est optio cum eum repellendus. Vel itaque vel quo aut soluta dolores nihil enim. Omnis voluptatem aliquid est in maxime veniam.','2020-12-22 20:05:20','2020-12-22 23:07:52'),(93,'culpa','ist','http://lorempixel.com/640/480/','1982-07-16',10235.35,11790.35,'Alice for some time without interrupting it. \'They must go back and see what the flame of a water-well,\' said the Lory hastily. \'I don\'t know where Dinn may be,\' said the Hatter, \'or you\'ll be.','Tenetur ut quia ipsum fuga ullam quibusdam atque est. Error maxime in est. Quibusdam atque quia aut.\nOdit veniam vel voluptas labore. Odit error sed voluptatem nesciunt. Ut est eligendi aut quia.','2020-12-22 20:05:20','2020-12-22 23:05:59'),(94,'sint','err','http://lorempixel.com/640/480/','1981-01-09',362.56,1917.56,'All the time when she caught it, and then turned to the Gryphon. \'It all came different!\' Alice replied very readily: \'but that\'s because it stays the same thing, you know.\' \'And what an ignorant.','Unde exercitationem id non laborum qui. Distinctio rerum et soluta totam unde est quas. Sint odio recusandae ut repudiandae veritatis dolores.','2020-12-22 20:05:20','2020-12-22 23:05:59'),(95,'corrupti','off','http://lorempixel.com/640/480/','2002-12-17',1105.75,2660.75,'The Duchess took her choice, and was coming to, but it did not appear, and after a few yards off. The Cat only grinned when it had no idea how confusing it is all the while, till at last it unfolded.','Vel culpa quia quibusdam nesciunt est magni ut est. Labore aut qui commodi dicta sequi beatae. Voluptatem repellat nulla aut mollitia facilis.','2020-12-22 20:05:20','2020-12-22 23:05:59'),(96,'et','mol','http://lorempixel.com/640/480/','2007-02-11',4440.06,5995.06,'Alice looked down at her with large round eyes, and half believed herself in the back. However, it was impossible to say \'Drink me,\' but the Gryphon interrupted in a tone of great relief. \'Now at.','Eos quidem voluptatum quisquam id mollitia tempore. Doloribus quis tenetur et harum hic. Odit adipisci qui asperiores qui. Illum quidem quo assumenda quo qui minus.','2020-12-22 20:05:20','2020-12-22 23:05:59'),(97,'perferendis','eni','http://lorempixel.com/640/480/','1979-05-09',3882.06,5437.06,'YOU manage?\' Alice asked. \'We called him Tortoise because he was speaking, so that altogether, for the first question, you know.\' It was, no doubt: only Alice did not like the largest telescope that.','Fugiat accusantium quisquam velit non. Perspiciatis aspernatur est nihil. Et porro aut non animi sunt. Qui voluptas ducimus incidunt consequuntur facere iure.','2020-12-22 20:05:20','2020-12-22 23:07:52'),(98,'ipsam','mag','http://lorempixel.com/640/480/','2010-02-08',6089.14,7644.14,'Queen. \'I haven\'t the least idea what you\'re talking about,\' said Alice. \'Anything you like,\' said the Duchess, \'as pigs have to go nearer till she was considering in her hands, and was in a sulky.','Perferendis distinctio ipsam beatae quia dolores praesentium. Sint provident illum eum vero possimus est. Necessitatibus autem consequatur vel eius assumenda expedita.','2020-12-22 20:05:20','2020-12-22 23:07:52'),(99,'est','qua','http://lorempixel.com/640/480/','2009-06-11',3798.50,5353.50,'Queen\'s voice in the window, she suddenly spread out her hand again, and did not see anything that had a consultation about this, and after a minute or two the Caterpillar sternly. \'Explain.','Repellat rem facere quas et. Omnis omnis neque facilis libero totam quia. Est sunt ratione laboriosam. Voluptatem voluptatem qui accusantium.','2020-12-22 20:05:20','2020-12-22 23:07:52'),(100,'consequuntur','iur','http://lorempixel.com/640/480/','1970-04-02',724.09,2279.09,'Alice hastily, afraid that she never knew so much into the sky. Twinkle, twinkle--\"\' Here the Dormouse into the earth. Let me see--how IS it to annoy, Because he knows it teases.\' CHORUS. (In which.','Vel dolores similique enim et ut atque deserunt. Minus soluta et optio totam delectus excepturi unde. Quos aperiam corrupti blanditiis odit. Ut ut rerum quam qui molestiae cumque dolorem in.','2020-12-22 20:05:20','2020-12-22 23:07:52');
/*!40000 ALTER TABLE `calendar_ipos` ENABLE KEYS */;
UNLOCK TABLES;

--
-- Table structure for table `cities`
--

DROP TABLE IF EXISTS `cities`;
/*!40101 SET @saved_cs_client     = @@character_set_client */;
/*!50503 SET character_set_client = utf8mb4 */;
CREATE TABLE `cities` (
  `id` int unsigned NOT NULL AUTO_INCREMENT COMMENT 'Идентификатор строки',
  `name` varchar(100) NOT NULL COMMENT 'Название города',
  `created_at` datetime DEFAULT CURRENT_TIMESTAMP COMMENT 'Время создания строки',
  `updated_at` datetime DEFAULT CURRENT_TIMESTAMP ON UPDATE CURRENT_TIMESTAMP COMMENT 'Время обновления строки',
  PRIMARY KEY (`id`)
) ENGINE=InnoDB AUTO_INCREMENT=101 DEFAULT CHARSET=utf8mb4 COLLATE=utf8mb4_0900_ai_ci COMMENT='Список городов';
/*!40101 SET character_set_client = @saved_cs_client */;

--
-- Dumping data for table `cities`
--

LOCK TABLES `cities` WRITE;
/*!40000 ALTER TABLE `cities` DISABLE KEYS */;
INSERT INTO `cities` VALUES (1,'New Everettemouth','2020-12-21 16:58:01','2020-12-21 16:58:01'),(2,'Laurenceborough','2020-12-21 16:58:01','2020-12-21 16:58:01'),(3,'New Edwinhaven','2020-12-21 16:58:01','2020-12-21 16:58:01'),(4,'Martyville','2020-12-21 16:58:01','2020-12-21 16:58:01'),(5,'Sunnystad','2020-12-21 16:58:01','2020-12-21 16:58:01'),(6,'Roobmouth','2020-12-21 16:58:01','2020-12-21 16:58:01'),(7,'Camilabury','2020-12-21 16:58:01','2020-12-21 16:58:01'),(8,'Westshire','2020-12-21 16:58:01','2020-12-21 16:58:01'),(9,'Jayceestad','2020-12-21 16:58:01','2020-12-21 16:58:01'),(10,'East Davidbury','2020-12-21 16:58:01','2020-12-21 16:58:01'),(11,'East Ericberg','2020-12-21 16:58:01','2020-12-21 16:58:01'),(12,'Hermanbury','2020-12-21 16:58:01','2020-12-21 16:58:01'),(13,'Priceland','2020-12-21 16:58:01','2020-12-21 16:58:01'),(14,'Maverickborough','2020-12-21 16:58:01','2020-12-21 16:58:01'),(15,'West Heatherborough','2020-12-21 16:58:01','2020-12-21 16:58:01'),(16,'Terrychester','2020-12-21 16:58:01','2020-12-21 16:58:01'),(17,'Ziemannside','2020-12-21 16:58:01','2020-12-21 16:58:01'),(18,'New Marcella','2020-12-21 16:58:01','2020-12-21 16:58:01'),(19,'Corwinfurt','2020-12-21 16:58:01','2020-12-21 16:58:01'),(20,'Bednarburgh','2020-12-21 16:58:01','2020-12-21 16:58:01'),(21,'Port Kaelaberg','2020-12-21 16:58:01','2020-12-21 16:58:01'),(22,'New Carrie','2020-12-21 16:58:01','2020-12-21 16:58:01'),(23,'Langfort','2020-12-21 16:58:01','2020-12-21 16:58:01'),(24,'Modestoberg','2020-12-21 16:58:01','2020-12-21 16:58:01'),(25,'New Kara','2020-12-21 16:58:01','2020-12-21 16:58:01'),(26,'South Keven','2020-12-21 16:58:01','2020-12-21 16:58:01'),(27,'Edwinaville','2020-12-21 16:58:01','2020-12-21 16:58:01'),(28,'New Jazminside','2020-12-21 16:58:01','2020-12-21 16:58:01'),(29,'New Bayleemouth','2020-12-21 16:58:01','2020-12-21 16:58:01'),(30,'Daughertyland','2020-12-21 16:58:01','2020-12-21 16:58:01'),(31,'Ryleehaven','2020-12-21 16:58:01','2020-12-21 16:58:01'),(32,'Danielborough','2020-12-21 16:58:01','2020-12-21 16:58:01'),(33,'Terryport','2020-12-21 16:58:01','2020-12-21 16:58:01'),(34,'Schulistton','2020-12-21 16:58:01','2020-12-21 16:58:01'),(35,'Wolfmouth','2020-12-21 16:58:01','2020-12-21 16:58:01'),(36,'Alisonton','2020-12-21 16:58:01','2020-12-21 16:58:01'),(37,'Port Emmitthaven','2020-12-21 16:58:01','2020-12-21 16:58:01'),(38,'Lake Jessyca','2020-12-21 16:58:01','2020-12-21 16:58:01'),(39,'South Katrineshire','2020-12-21 16:58:01','2020-12-21 16:58:01'),(40,'South Stuart','2020-12-21 16:58:01','2020-12-21 16:58:01'),(41,'New Dashawnhaven','2020-12-21 16:58:01','2020-12-21 16:58:01'),(42,'New Malcolmside','2020-12-21 16:58:01','2020-12-21 16:58:01'),(43,'New Rhiannon','2020-12-21 16:58:01','2020-12-21 16:58:01'),(44,'North Thaddeusberg','2020-12-21 16:58:01','2020-12-21 16:58:01'),(45,'Douglasview','2020-12-21 16:58:01','2020-12-21 16:58:01'),(46,'New Kadinberg','2020-12-21 16:58:01','2020-12-21 16:58:01'),(47,'Lake Kiana','2020-12-21 16:58:01','2020-12-21 16:58:01'),(48,'Nicolasmouth','2020-12-21 16:58:01','2020-12-21 16:58:01'),(49,'Weimannchester','2020-12-21 16:58:01','2020-12-21 16:58:01'),(50,'New Brendan','2020-12-21 16:58:01','2020-12-21 16:58:01'),(51,'Port Abdiel','2020-12-21 16:58:01','2020-12-21 16:58:01'),(52,'Port Jimmymouth','2020-12-21 16:58:01','2020-12-21 16:58:01'),(53,'Mackmouth','2020-12-21 16:58:01','2020-12-21 16:58:01'),(54,'Fletcherchester','2020-12-21 16:58:01','2020-12-21 16:58:01'),(55,'New Viviannefort','2020-12-21 16:58:01','2020-12-21 16:58:01'),(56,'Lake Jerome','2020-12-21 16:58:01','2020-12-21 16:58:01'),(57,'Sylvanville','2020-12-21 16:58:01','2020-12-21 16:58:01'),(58,'North Ephraim','2020-12-21 16:58:01','2020-12-21 16:58:01'),(59,'New Dariusstad','2020-12-21 16:58:01','2020-12-21 16:58:01'),(60,'Lake Angela','2020-12-21 16:58:01','2020-12-21 16:58:01'),(61,'West Durwardville','2020-12-21 16:58:01','2020-12-21 16:58:01'),(62,'West Sophie','2020-12-21 16:58:01','2020-12-21 16:58:01'),(63,'New Shaniebury','2020-12-21 16:58:01','2020-12-21 16:58:01'),(64,'Toneyville','2020-12-21 16:58:01','2020-12-21 16:58:01'),(65,'East Sabryna','2020-12-21 16:58:01','2020-12-21 16:58:01'),(66,'Lake Neha','2020-12-21 16:58:01','2020-12-21 16:58:01'),(67,'Eleanorahaven','2020-12-21 16:58:01','2020-12-21 16:58:01'),(68,'Felixside','2020-12-21 16:58:01','2020-12-21 16:58:01'),(69,'McCulloughville','2020-12-21 16:58:01','2020-12-21 16:58:01'),(70,'Ondrickafort','2020-12-21 16:58:01','2020-12-21 16:58:01'),(71,'Torpfurt','2020-12-21 16:58:01','2020-12-21 16:58:01'),(72,'Zemlakmouth','2020-12-21 16:58:01','2020-12-21 16:58:01'),(73,'Camilamouth','2020-12-21 16:58:01','2020-12-21 16:58:01'),(74,'Lake Nicholaus','2020-12-21 16:58:01','2020-12-21 16:58:01'),(75,'West Emily','2020-12-21 16:58:01','2020-12-21 16:58:01'),(76,'East Lindsayview','2020-12-21 16:58:01','2020-12-21 16:58:01'),(77,'Goodwintown','2020-12-21 16:58:01','2020-12-21 16:58:01'),(78,'McLaughlinland','2020-12-21 16:58:01','2020-12-21 16:58:01'),(79,'Nealshire','2020-12-21 16:58:01','2020-12-21 16:58:01'),(80,'Koeppfort','2020-12-21 16:58:01','2020-12-21 16:58:01'),(81,'South Watson','2020-12-21 16:58:01','2020-12-21 16:58:01'),(82,'Kochside','2020-12-21 16:58:01','2020-12-21 16:58:01'),(83,'North Avery','2020-12-21 16:58:01','2020-12-21 16:58:01'),(84,'Beattyside','2020-12-21 16:58:01','2020-12-21 16:58:01'),(85,'Port Antonette','2020-12-21 16:58:01','2020-12-21 16:58:01'),(86,'Port Kassandra','2020-12-21 16:58:01','2020-12-21 16:58:01'),(87,'Albertachester','2020-12-21 16:58:01','2020-12-21 16:58:01'),(88,'Port Leathastad','2020-12-21 16:58:01','2020-12-21 16:58:01'),(89,'West Jaron','2020-12-21 16:58:01','2020-12-21 16:58:01'),(90,'New Nathan','2020-12-21 16:58:01','2020-12-21 16:58:01'),(91,'South Boyd','2020-12-21 16:58:01','2020-12-21 16:58:01'),(92,'Davisland','2020-12-21 16:58:01','2020-12-21 16:58:01'),(93,'North Lindsaymouth','2020-12-21 16:58:01','2020-12-21 16:58:01'),(94,'Schulistborough','2020-12-21 16:58:01','2020-12-21 16:58:01'),(95,'Kelsiehaven','2020-12-21 16:58:01','2020-12-21 16:58:01'),(96,'Isacmouth','2020-12-21 16:58:01','2020-12-21 16:58:01'),(97,'Syblemouth','2020-12-21 16:58:01','2020-12-21 16:58:01'),(98,'Claudefort','2020-12-21 16:58:01','2020-12-21 16:58:01'),(99,'East Jailynside','2020-12-21 16:58:01','2020-12-21 16:58:01'),(100,'North Rebeccachester','2020-12-21 16:58:01','2020-12-21 16:58:01');
/*!40000 ALTER TABLE `cities` ENABLE KEYS */;
UNLOCK TABLES;

--
-- Table structure for table `countries`
--

DROP TABLE IF EXISTS `countries`;
/*!40101 SET @saved_cs_client     = @@character_set_client */;
/*!50503 SET character_set_client = utf8mb4 */;
CREATE TABLE `countries` (
  `id` int unsigned NOT NULL AUTO_INCREMENT COMMENT 'Идентификатор строки',
  `short_name` varchar(100) NOT NULL COMMENT 'Короткое название cтраны',
  `name` varchar(100) NOT NULL COMMENT 'Название cтраны',
  `created_at` datetime DEFAULT CURRENT_TIMESTAMP COMMENT 'Время создания строки',
  `updated_at` datetime DEFAULT CURRENT_TIMESTAMP ON UPDATE CURRENT_TIMESTAMP COMMENT 'Время обновления строки',
  PRIMARY KEY (`id`)
) ENGINE=InnoDB AUTO_INCREMENT=256 DEFAULT CHARSET=utf8mb4 COLLATE=utf8mb4_0900_ai_ci COMMENT='Список стран';
/*!40101 SET character_set_client = @saved_cs_client */;

--
-- Dumping data for table `countries`
--

LOCK TABLES `countries` WRITE;
/*!40000 ALTER TABLE `countries` DISABLE KEYS */;
INSERT INTO `countries` VALUES (1,'AU','Австралия','2020-12-22 22:22:07','2020-12-22 22:22:07'),(2,'AT','Австрия','2020-12-22 22:22:07','2020-12-22 22:22:07'),(3,'AZ','Азербайджан','2020-12-22 22:22:07','2020-12-22 22:22:07'),(4,'AX','Аландские о-ва','2020-12-22 22:22:07','2020-12-22 22:22:07'),(5,'AL','Албания','2020-12-22 22:22:07','2020-12-22 22:22:07'),(6,'DZ','Алжир','2020-12-22 22:22:07','2020-12-22 22:22:07'),(7,'AS','Американское Самоа','2020-12-22 22:22:07','2020-12-22 22:22:07'),(8,'AI','Ангилья','2020-12-22 22:22:07','2020-12-22 22:22:07'),(9,'AO','Ангола','2020-12-22 22:22:07','2020-12-22 22:22:07'),(10,'AD','Андорра','2020-12-22 22:22:07','2020-12-22 22:22:07'),(11,'AQ','Антарктида','2020-12-22 22:22:07','2020-12-22 22:22:07'),(12,'AG','Антигуа и Барбуда','2020-12-22 22:22:07','2020-12-22 22:22:07'),(13,'AR','Аргентина','2020-12-22 22:22:07','2020-12-22 22:22:07'),(14,'AM','Армения','2020-12-22 22:22:07','2020-12-22 22:22:07'),(15,'AW','Аруба','2020-12-22 22:22:07','2020-12-22 22:22:07'),(16,'AF','Афганистан','2020-12-22 22:22:07','2020-12-22 22:22:07'),(17,'BS','Багамские о-ва','2020-12-22 22:22:08','2020-12-22 22:22:08'),(18,'BD','Бангладеш','2020-12-22 22:22:08','2020-12-22 22:22:08'),(19,'BB','Барбадос','2020-12-22 22:22:08','2020-12-22 22:22:08'),(20,'BH','Бахрейн','2020-12-22 22:22:08','2020-12-22 22:22:08'),(21,'BY','Беларусь','2020-12-22 22:22:08','2020-12-22 22:22:08'),(22,'BZ','Белиз','2020-12-22 22:22:08','2020-12-22 22:22:08'),(23,'BE','Бельгия','2020-12-22 22:22:08','2020-12-22 22:22:08'),(24,'BJ','Бенин','2020-12-22 22:22:08','2020-12-22 22:22:08'),(25,'BM','Бермудские о-ва','2020-12-22 22:22:08','2020-12-22 22:22:08'),(26,'BG','Болгария','2020-12-22 22:22:08','2020-12-22 22:22:08'),(27,'BO','Боливия','2020-12-22 22:22:08','2020-12-22 22:22:08'),(28,'BA','Босния и Герцеговина','2020-12-22 22:22:08','2020-12-22 22:22:08'),(29,'BW','Ботсвана','2020-12-22 22:22:08','2020-12-22 22:22:08'),(30,'BR','Бразилия','2020-12-22 22:22:08','2020-12-22 22:22:08'),(31,'IO','Британская территория в Индийском океане','2020-12-22 22:22:08','2020-12-22 22:22:08'),(32,'VG','Британские Виргинские о-ва','2020-12-22 22:22:08','2020-12-22 22:22:08'),(33,'BN','Бруней Даруссалам','2020-12-22 22:22:08','2020-12-22 22:22:08'),(34,'BF','Буркина Фасо','2020-12-22 22:22:08','2020-12-22 22:22:08'),(35,'BI','Бурунди','2020-12-22 22:22:08','2020-12-22 22:22:08'),(36,'BT','Бутан','2020-12-22 22:22:08','2020-12-22 22:22:08'),(37,'VU','Вануату','2020-12-22 22:22:08','2020-12-22 22:22:08'),(38,'VA','Ватикан','2020-12-22 22:22:08','2020-12-22 22:22:08'),(39,'GB','Великобритания','2020-12-22 22:22:08','2020-12-22 22:22:08'),(40,'HU','Венгрия','2020-12-22 22:22:08','2020-12-22 22:22:08'),(41,'VE','Венесуэла','2020-12-22 22:22:08','2020-12-22 22:22:08'),(42,'VI','Виргинские о-ва (США)','2020-12-22 22:22:08','2020-12-22 22:22:08'),(43,'UM','Внешние малые острова (США)','2020-12-22 22:22:08','2020-12-22 22:22:08'),(44,'QO','Внешняя Океания','2020-12-22 22:22:08','2020-12-22 22:22:08'),(45,'TL','Восточный Тимор','2020-12-22 22:22:08','2020-12-22 22:22:08'),(46,'VN','Вьетнам','2020-12-22 22:22:08','2020-12-22 22:22:08'),(47,'GA','Габон','2020-12-22 22:22:08','2020-12-22 22:22:08'),(48,'HT','Гаити','2020-12-22 22:22:08','2020-12-22 22:22:08'),(49,'GY','Гайана','2020-12-22 22:22:08','2020-12-22 22:22:08'),(50,'GM','Гамбия','2020-12-22 22:22:08','2020-12-22 22:22:08'),(51,'GH','Гана','2020-12-22 22:22:08','2020-12-22 22:22:08'),(52,'GP','Гваделупа','2020-12-22 22:22:08','2020-12-22 22:22:08'),(53,'GT','Гватемала','2020-12-22 22:22:08','2020-12-22 22:22:08'),(54,'GN','Гвинея','2020-12-22 22:22:08','2020-12-22 22:22:08'),(55,'GW','Гвинея-Бисау','2020-12-22 22:22:08','2020-12-22 22:22:08'),(56,'DE','Германия','2020-12-22 22:22:08','2020-12-22 22:22:08'),(57,'GG','Гернси','2020-12-22 22:22:08','2020-12-22 22:22:08'),(58,'GI','Гибралтар','2020-12-22 22:22:08','2020-12-22 22:22:08'),(59,'HN','Гондурас','2020-12-22 22:22:08','2020-12-22 22:22:08'),(60,'HK','Гонконг (особый район)','2020-12-22 22:22:08','2020-12-22 22:22:08'),(61,'GD','Гренада','2020-12-22 22:22:08','2020-12-22 22:22:08'),(62,'GL','Гренландия','2020-12-22 22:22:08','2020-12-22 22:22:08'),(63,'GR','Греция','2020-12-22 22:22:08','2020-12-22 22:22:08'),(64,'GE','Грузия','2020-12-22 22:22:08','2020-12-22 22:22:08'),(65,'GU','Гуам','2020-12-22 22:22:08','2020-12-22 22:22:08'),(66,'DK','Дания','2020-12-22 22:22:08','2020-12-22 22:22:08'),(67,'CD','Демократическая Республика Конго','2020-12-22 22:22:08','2020-12-22 22:22:08'),(68,'JE','Джерси','2020-12-22 22:22:08','2020-12-22 22:22:08'),(69,'DJ','Джибути','2020-12-22 22:22:08','2020-12-22 22:22:08'),(70,'DG','Диего-Гарсия','2020-12-22 22:22:08','2020-12-22 22:22:08'),(71,'DM','Доминика','2020-12-22 22:22:08','2020-12-22 22:22:08'),(72,'DO','Доминиканская Республика','2020-12-22 22:22:08','2020-12-22 22:22:08'),(73,'EU','Европейский союз','2020-12-22 22:22:08','2020-12-22 22:22:08'),(74,'EG','Египет','2020-12-22 22:22:08','2020-12-22 22:22:08'),(75,'ZM','Замбия','2020-12-22 22:22:08','2020-12-22 22:22:08'),(76,'EH','Западная Сахара','2020-12-22 22:22:08','2020-12-22 22:22:08'),(77,'ZW','Зимбабве','2020-12-22 22:22:08','2020-12-22 22:22:08'),(78,'IL','Израиль','2020-12-22 22:22:08','2020-12-22 22:22:08'),(79,'IN','Индия','2020-12-22 22:22:08','2020-12-22 22:22:08'),(80,'short_name','Индонезия','2020-12-22 22:22:08','2020-12-22 22:22:08'),(81,'JO','Иордания','2020-12-22 22:22:08','2020-12-22 22:22:08'),(82,'IQ','Ирак','2020-12-22 22:22:08','2020-12-22 22:22:08'),(83,'IR','Иран','2020-12-22 22:22:08','2020-12-22 22:22:08'),(84,'IE','Ирландия','2020-12-22 22:22:08','2020-12-22 22:22:08'),(85,'IS','Исландия','2020-12-22 22:22:08','2020-12-22 22:22:08'),(86,'ES','Испания','2020-12-22 22:22:08','2020-12-22 22:22:08'),(87,'IT','Италия','2020-12-22 22:22:08','2020-12-22 22:22:08'),(88,'YE','Йемен','2020-12-22 22:22:08','2020-12-22 22:22:08'),(89,'KZ','Казахстан','2020-12-22 22:22:08','2020-12-22 22:22:08'),(90,'KY','Каймановы острова','2020-12-22 22:22:08','2020-12-22 22:22:08'),(91,'KH','Камбоджа','2020-12-22 22:22:08','2020-12-22 22:22:08'),(92,'CM','Камерун','2020-12-22 22:22:08','2020-12-22 22:22:08'),(93,'CA','Канада','2020-12-22 22:22:08','2020-12-22 22:22:08'),(94,'IC','Канарские о-ва','2020-12-22 22:22:08','2020-12-22 22:22:08'),(95,'QA','Катар','2020-12-22 22:22:08','2020-12-22 22:22:08'),(96,'KE','Кения','2020-12-22 22:22:08','2020-12-22 22:22:08'),(97,'CY','Кипр','2020-12-22 22:22:08','2020-12-22 22:22:08'),(98,'KG','Киргизия','2020-12-22 22:22:08','2020-12-22 22:22:08'),(99,'KI','Кирибати','2020-12-22 22:22:08','2020-12-22 22:22:08'),(100,'CN','Китай','2020-12-22 22:22:08','2020-12-22 22:22:08'),(101,'CC','Кокосовые о-ва','2020-12-22 22:22:08','2020-12-22 22:22:08'),(102,'CO','Колумбия','2020-12-22 22:22:08','2020-12-22 22:22:08'),(103,'KM','Коморские о-ва','2020-12-22 22:22:08','2020-12-22 22:22:08'),(104,'CG','Конго','2020-12-22 22:22:08','2020-12-22 22:22:08'),(105,'CR','Коста-Рика','2020-12-22 22:22:08','2020-12-22 22:22:08'),(106,'CI','Кот д’Ивуар','2020-12-22 22:22:08','2020-12-22 22:22:08'),(107,'CU','Куба','2020-12-22 22:22:08','2020-12-22 22:22:08'),(108,'KW','Кувейт','2020-12-22 22:22:08','2020-12-22 22:22:08'),(109,'LA','Лаос','2020-12-22 22:22:08','2020-12-22 22:22:08'),(110,'LV','Латвия','2020-12-22 22:22:08','2020-12-22 22:22:08'),(111,'LS','Лесото','2020-12-22 22:22:08','2020-12-22 22:22:08'),(112,'LR','Либерия','2020-12-22 22:22:08','2020-12-22 22:22:08'),(113,'LB','Ливан','2020-12-22 22:22:08','2020-12-22 22:22:08'),(114,'LY','Ливия','2020-12-22 22:22:08','2020-12-22 22:22:08'),(115,'LT','Литва','2020-12-22 22:22:08','2020-12-22 22:22:08'),(116,'LI','Лихтенштейн','2020-12-22 22:22:08','2020-12-22 22:22:08'),(117,'LU','Люксембург','2020-12-22 22:22:08','2020-12-22 22:22:08'),(118,'MU','Маврикий','2020-12-22 22:22:08','2020-12-22 22:22:08'),(119,'MR','Мавритания','2020-12-22 22:22:08','2020-12-22 22:22:08'),(120,'MG','Мадагаскар','2020-12-22 22:22:08','2020-12-22 22:22:08'),(121,'YT','Майотта','2020-12-22 22:22:08','2020-12-22 22:22:08'),(122,'MO','Макао (особый район)','2020-12-22 22:22:08','2020-12-22 22:22:08'),(123,'MK','Македония','2020-12-22 22:22:08','2020-12-22 22:22:08'),(124,'MW','Малави','2020-12-22 22:22:08','2020-12-22 22:22:08'),(125,'MY','Малайзия','2020-12-22 22:22:08','2020-12-22 22:22:08'),(126,'ML','Мали','2020-12-22 22:22:08','2020-12-22 22:22:08'),(127,'MV','Мальдивские о-ва','2020-12-22 22:22:08','2020-12-22 22:22:08'),(128,'MT','Мальта','2020-12-22 22:22:08','2020-12-22 22:22:08'),(129,'MA','Марокко','2020-12-22 22:22:08','2020-12-22 22:22:08'),(130,'MQ','Мартиника','2020-12-22 22:22:08','2020-12-22 22:22:08'),(131,'MH','Маршалловы о-ва','2020-12-22 22:22:08','2020-12-22 22:22:08'),(132,'MX','Мексика','2020-12-22 22:22:08','2020-12-22 22:22:08'),(133,'MZ','Мозамбик','2020-12-22 22:22:08','2020-12-22 22:22:08'),(134,'MD','Молдова','2020-12-22 22:22:08','2020-12-22 22:22:08'),(135,'MC','Монако','2020-12-22 22:22:08','2020-12-22 22:22:08'),(136,'MN','Монголия','2020-12-22 22:22:08','2020-12-22 22:22:08'),(137,'MS','Монтсеррат','2020-12-22 22:22:08','2020-12-22 22:22:08'),(138,'MM','Мьянма','2020-12-22 22:22:08','2020-12-22 22:22:08'),(139,'NA','Намибия','2020-12-22 22:22:08','2020-12-22 22:22:08'),(140,'NR','Науру','2020-12-22 22:22:08','2020-12-22 22:22:08'),(141,'NP','Непал','2020-12-22 22:22:08','2020-12-22 22:22:08'),(142,'NE','Нигер','2020-12-22 22:22:08','2020-12-22 22:22:08'),(143,'NG','Нигерия','2020-12-22 22:22:08','2020-12-22 22:22:08'),(144,'AN','Нидерландские Антильские о-ва','2020-12-22 22:22:08','2020-12-22 22:22:08'),(145,'NL','Нидерланды','2020-12-22 22:22:08','2020-12-22 22:22:08'),(146,'NI','Никарагуа','2020-12-22 22:22:08','2020-12-22 22:22:08'),(147,'NU','Ниуе','2020-12-22 22:22:08','2020-12-22 22:22:08'),(148,'NZ','Новая Зеландия','2020-12-22 22:22:08','2020-12-22 22:22:08'),(149,'NC','Новая Каледония','2020-12-22 22:22:08','2020-12-22 22:22:08'),(150,'NO','Норвегия','2020-12-22 22:22:08','2020-12-22 22:22:08'),(151,'AE','ОАЭ','2020-12-22 22:22:08','2020-12-22 22:22:08'),(152,'OM','Оман','2020-12-22 22:22:08','2020-12-22 22:22:08'),(153,'BV','Остров Буве','2020-12-22 22:22:08','2020-12-22 22:22:08'),(154,'AC','Остров Вознесения','2020-12-22 22:22:08','2020-12-22 22:22:08'),(155,'CP','Остров Клиппертон','2020-12-22 22:22:08','2020-12-22 22:22:08'),(156,'IM','Остров Мэн','2020-12-22 22:22:08','2020-12-22 22:22:08'),(157,'NF','Остров Норфолк','2020-12-22 22:22:08','2020-12-22 22:22:08'),(158,'CX','Остров Рождества','2020-12-22 22:22:08','2020-12-22 22:22:08'),(159,'BL','Остров Святого Бартоломея','2020-12-22 22:22:08','2020-12-22 22:22:08'),(160,'MF','Остров Святого Мартина','2020-12-22 22:22:08','2020-12-22 22:22:08'),(161,'SH','Остров Святой Елены','2020-12-22 22:22:08','2020-12-22 22:22:08'),(162,'CV','Острова Зеленого Мыса','2020-12-22 22:22:08','2020-12-22 22:22:08'),(163,'CK','Острова Кука','2020-12-22 22:22:08','2020-12-22 22:22:08'),(164,'TC','Острова Тёркс и Кайкос','2020-12-22 22:22:08','2020-12-22 22:22:08'),(165,'HM','Острова Херд и Макдональд','2020-12-22 22:22:08','2020-12-22 22:22:08'),(166,'PK','Пакистан','2020-12-22 22:22:08','2020-12-22 22:22:08'),(167,'PW','Палау','2020-12-22 22:22:08','2020-12-22 22:22:08'),(168,'PS','Палестинские территории','2020-12-22 22:22:08','2020-12-22 22:22:08'),(169,'PA','Панама','2020-12-22 22:22:08','2020-12-22 22:22:08'),(170,'PG','Папуа – Новая Гвинея','2020-12-22 22:22:08','2020-12-22 22:22:08'),(171,'PY','Парагвай','2020-12-22 22:22:08','2020-12-22 22:22:08'),(172,'PE','Перу','2020-12-22 22:22:08','2020-12-22 22:22:08'),(173,'PN','Питкэрн','2020-12-22 22:22:08','2020-12-22 22:22:08'),(174,'PL','Польша','2020-12-22 22:22:08','2020-12-22 22:22:08'),(175,'PT','Португалия','2020-12-22 22:22:08','2020-12-22 22:22:08'),(176,'PR','Пуэрто-Рико','2020-12-22 22:22:08','2020-12-22 22:22:08'),(177,'KR','Республика Корея','2020-12-22 22:22:08','2020-12-22 22:22:08'),(178,'RE','Реюньон','2020-12-22 22:22:08','2020-12-22 22:22:08'),(179,'RU','Россия','2020-12-22 22:22:08','2020-12-22 22:22:08'),(180,'RW','Руанда','2020-12-22 22:22:08','2020-12-22 22:22:08'),(181,'RO','Румыния','2020-12-22 22:22:08','2020-12-22 22:22:08'),(182,'SV','Сальвадор','2020-12-22 22:22:08','2020-12-22 22:22:08'),(183,'WS','Самоа','2020-12-22 22:22:08','2020-12-22 22:22:08'),(184,'SM','Сан-Марино','2020-12-22 22:22:08','2020-12-22 22:22:08'),(185,'ST','Сан-Томе и Принсипи','2020-12-22 22:22:08','2020-12-22 22:22:08'),(186,'SA','Саудовская Аравия','2020-12-22 22:22:08','2020-12-22 22:22:08'),(187,'SZ','Свазиленд','2020-12-22 22:22:08','2020-12-22 22:22:08'),(188,'SJ','Свальбард и Ян-Майен','2020-12-22 22:22:08','2020-12-22 22:22:08'),(189,'KP','Северная Корея','2020-12-22 22:22:08','2020-12-22 22:22:08'),(190,'MP','Северные Марианские о-ва','2020-12-22 22:22:08','2020-12-22 22:22:08'),(191,'SC','Сейшельские о-ва','2020-12-22 22:22:08','2020-12-22 22:22:08'),(192,'PM','Сен-Пьер и Микелон','2020-12-22 22:22:08','2020-12-22 22:22:08'),(193,'SN','Сенегал','2020-12-22 22:22:08','2020-12-22 22:22:08'),(194,'VC','Сент-Винсент и Гренадины','2020-12-22 22:22:08','2020-12-22 22:22:08'),(195,'KN','Сент-Киттс и Невис','2020-12-22 22:22:08','2020-12-22 22:22:08'),(196,'LC','Сент-Люсия','2020-12-22 22:22:08','2020-12-22 22:22:08'),(197,'RS','Сербия','2020-12-22 22:22:08','2020-12-22 22:22:08'),(198,'CS','Сербия и Черногория','2020-12-22 22:22:08','2020-12-22 22:22:08'),(199,'EA','Сеута и Мелилья','2020-12-22 22:22:08','2020-12-22 22:22:08'),(200,'SG','Сингапур','2020-12-22 22:22:08','2020-12-22 22:22:08'),(201,'SY','Сирия','2020-12-22 22:22:08','2020-12-22 22:22:08'),(202,'SK','Словакия','2020-12-22 22:22:08','2020-12-22 22:22:08'),(203,'SI','Словения','2020-12-22 22:22:08','2020-12-22 22:22:08'),(204,'SB','Соломоновы о-ва','2020-12-22 22:22:08','2020-12-22 22:22:08'),(205,'SO','Сомали','2020-12-22 22:22:08','2020-12-22 22:22:08'),(206,'SD','Судан','2020-12-22 22:22:08','2020-12-22 22:22:08'),(207,'SR','Суринам','2020-12-22 22:22:08','2020-12-22 22:22:08'),(208,'US','США','2020-12-22 22:22:08','2020-12-22 22:22:08'),(209,'SL','Сьерра-Леоне','2020-12-22 22:22:08','2020-12-22 22:22:08'),(210,'TJ','Таджикистан','2020-12-22 22:22:08','2020-12-22 22:22:08'),(211,'TH','Таиланд','2020-12-22 22:22:08','2020-12-22 22:22:08'),(212,'TW','Тайвань','2020-12-22 22:22:08','2020-12-22 22:22:08'),(213,'TZ','Танзания','2020-12-22 22:22:08','2020-12-22 22:22:08'),(214,'TG','Того','2020-12-22 22:22:08','2020-12-22 22:22:08'),(215,'TK','Токелау','2020-12-22 22:22:08','2020-12-22 22:22:08'),(216,'TO','Тонга','2020-12-22 22:22:08','2020-12-22 22:22:08'),(217,'TT','Тринидад и Тобаго','2020-12-22 22:22:08','2020-12-22 22:22:08'),(218,'TA','Тристан-да-Кунья','2020-12-22 22:22:08','2020-12-22 22:22:08'),(219,'TV','Тувалу','2020-12-22 22:22:08','2020-12-22 22:22:08'),(220,'TN','Тунис','2020-12-22 22:22:08','2020-12-22 22:22:08'),(221,'TM','Туркменистан','2020-12-22 22:22:08','2020-12-22 22:22:08'),(222,'TR','Турция','2020-12-22 22:22:08','2020-12-22 22:22:08'),(223,'UG','Уганда','2020-12-22 22:22:08','2020-12-22 22:22:08'),(224,'UZ','Узбекистан','2020-12-22 22:22:08','2020-12-22 22:22:08'),(225,'UA','Украина','2020-12-22 22:22:08','2020-12-22 22:22:08'),(226,'WF','Уоллис и Футуна','2020-12-22 22:22:08','2020-12-22 22:22:08'),(227,'UY','Уругвай','2020-12-22 22:22:08','2020-12-22 22:22:08'),(228,'FO','Фарерские о-ва','2020-12-22 22:22:08','2020-12-22 22:22:08'),(229,'FM','Федеративные Штаты Микронезии','2020-12-22 22:22:08','2020-12-22 22:22:08'),(230,'FJ','Фиджи','2020-12-22 22:22:08','2020-12-22 22:22:08'),(231,'PH','Филиппины','2020-12-22 22:22:08','2020-12-22 22:22:08'),(232,'FI','Финляндия','2020-12-22 22:22:08','2020-12-22 22:22:08'),(233,'FK','Фолклендские о-ва','2020-12-22 22:22:08','2020-12-22 22:22:08'),(234,'FR','Франция','2020-12-22 22:22:08','2020-12-22 22:22:08'),(235,'GF','Французская Гвиана','2020-12-22 22:22:08','2020-12-22 22:22:08'),(236,'PF','Французская Полинезия','2020-12-22 22:22:08','2020-12-22 22:22:08'),(237,'TF','Французские Южные Территории','2020-12-22 22:22:08','2020-12-22 22:22:08'),(238,'HR','Хорватия','2020-12-22 22:22:08','2020-12-22 22:22:08'),(239,'CF','ЦАР','2020-12-22 22:22:08','2020-12-22 22:22:08'),(240,'TD','Чад','2020-12-22 22:22:08','2020-12-22 22:22:08'),(241,'ME','Черногория','2020-12-22 22:22:08','2020-12-22 22:22:08'),(242,'CZ','Чехия','2020-12-22 22:22:08','2020-12-22 22:22:08'),(243,'CL','Чили','2020-12-22 22:22:08','2020-12-22 22:22:08'),(244,'CH','Швейцария','2020-12-22 22:22:08','2020-12-22 22:22:08'),(245,'SE','Швеция','2020-12-22 22:22:08','2020-12-22 22:22:08'),(246,'LK','Шри-Ланка','2020-12-22 22:22:08','2020-12-22 22:22:08'),(247,'EC','Эквадор','2020-12-22 22:22:08','2020-12-22 22:22:08'),(248,'GQ','Экваториальная Гвинея','2020-12-22 22:22:08','2020-12-22 22:22:08'),(249,'ER','Эритрея','2020-12-22 22:22:08','2020-12-22 22:22:08'),(250,'EE','Эстония','2020-12-22 22:22:08','2020-12-22 22:22:08'),(251,'ET','Эфиопия','2020-12-22 22:22:08','2020-12-22 22:22:08'),(252,'ZA','ЮАР','2020-12-22 22:22:08','2020-12-22 22:22:08'),(253,'GS','Южная Джорджия и Южные Сандвичевы Острова','2020-12-22 22:22:08','2020-12-22 22:22:08'),(254,'JM','Ямайка','2020-12-22 22:22:08','2020-12-22 22:22:08'),(255,'JP','Япония','2020-12-22 22:22:08','2020-12-22 22:22:08');
/*!40000 ALTER TABLE `countries` ENABLE KEYS */;
UNLOCK TABLES;

--
-- Table structure for table `exchange_lists`
--

DROP TABLE IF EXISTS `exchange_lists`;
/*!40101 SET @saved_cs_client     = @@character_set_client */;
/*!50503 SET character_set_client = utf8mb4 */;
CREATE TABLE `exchange_lists` (
  `id` int unsigned NOT NULL AUTO_INCREMENT COMMENT 'Индификатор строки',
  `name` varchar(100) NOT NULL COMMENT 'Название биржи',
  `short_name` varchar(100) NOT NULL COMMENT 'Короткое название биржи',
  `created_at` datetime DEFAULT CURRENT_TIMESTAMP COMMENT 'Время создания строки',
  `updated_at` datetime DEFAULT CURRENT_TIMESTAMP ON UPDATE CURRENT_TIMESTAMP COMMENT 'Время обновления строки',
  PRIMARY KEY (`id`),
  UNIQUE KEY `id` (`id`)
) ENGINE=InnoDB AUTO_INCREMENT=8 DEFAULT CHARSET=utf8mb4 COLLATE=utf8mb4_0900_ai_ci COMMENT='Список бирж';
/*!40101 SET character_set_client = @saved_cs_client */;

--
-- Dumping data for table `exchange_lists`
--

LOCK TABLES `exchange_lists` WRITE;
/*!40000 ALTER TABLE `exchange_lists` DISABLE KEYS */;
INSERT INTO `exchange_lists` VALUES (1,'Московской биржа','МосБиржа','2020-12-22 22:22:06','2020-12-22 22:22:06'),(2,'New York Stock Exchange','NYSE','2020-12-22 22:22:06','2020-12-22 22:22:06'),(3,'National Association of Securities Dealers Automated Quotation','NASDAQ','2020-12-22 22:22:06','2020-12-22 22:22:06'),(4,'Japan Exchange Group','JPX','2020-12-22 22:22:06','2020-12-22 22:22:06'),(5,'Shanghai Stock Exchange','SSE','2020-12-22 22:22:06','2020-12-22 22:22:06'),(6,'Hong Kong Stock Exchange','HKEX','2020-12-22 22:22:06','2020-12-22 22:22:06'),(7,'London Stock Exchange','LSE','2020-12-22 22:22:06','2020-12-22 22:22:06');
/*!40000 ALTER TABLE `exchange_lists` ENABLE KEYS */;
UNLOCK TABLES;

--
-- Table structure for table `genders`
--

DROP TABLE IF EXISTS `genders`;
/*!40101 SET @saved_cs_client     = @@character_set_client */;
/*!50503 SET character_set_client = utf8mb4 */;
CREATE TABLE `genders` (
  `id` int unsigned NOT NULL AUTO_INCREMENT COMMENT 'Идентификатор строки',
  `name` varchar(100) NOT NULL COMMENT 'пол',
  `created_at` datetime DEFAULT CURRENT_TIMESTAMP COMMENT 'Время создания строки',
  `updated_at` datetime DEFAULT CURRENT_TIMESTAMP ON UPDATE CURRENT_TIMESTAMP COMMENT 'Время обновления строки',
  PRIMARY KEY (`id`)
) ENGINE=InnoDB AUTO_INCREMENT=3 DEFAULT CHARSET=utf8mb4 COLLATE=utf8mb4_0900_ai_ci COMMENT='Список полов';
/*!40101 SET character_set_client = @saved_cs_client */;

--
-- Dumping data for table `genders`
--

LOCK TABLES `genders` WRITE;
/*!40000 ALTER TABLE `genders` DISABLE KEYS */;
INSERT INTO `genders` VALUES (1,'Мужской','2020-12-22 22:22:07','2020-12-22 22:22:07'),(2,'Женский','2020-12-22 22:22:07','2020-12-22 22:22:07');
/*!40000 ALTER TABLE `genders` ENABLE KEYS */;
UNLOCK TABLES;

--
-- Table structure for table `indicators`
--

DROP TABLE IF EXISTS `indicators`;
/*!40101 SET @saved_cs_client     = @@character_set_client */;
/*!50503 SET character_set_client = utf8mb4 */;
CREATE TABLE `indicators` (
  `id` int unsigned NOT NULL AUTO_INCREMENT COMMENT 'Индификатор строки',
  `name` varchar(255) NOT NULL COMMENT 'Имя индикатора',
  `created_at` datetime DEFAULT CURRENT_TIMESTAMP COMMENT 'Время создания строки',
  `updated_at` datetime DEFAULT CURRENT_TIMESTAMP ON UPDATE CURRENT_TIMESTAMP COMMENT 'Время обновления строки',
  PRIMARY KEY (`id`),
  UNIQUE KEY `id` (`id`)
) ENGINE=InnoDB AUTO_INCREMENT=7 DEFAULT CHARSET=utf8mb4 COLLATE=utf8mb4_0900_ai_ci COMMENT='Индикаторы';
/*!40101 SET character_set_client = @saved_cs_client */;

--
-- Dumping data for table `indicators`
--

LOCK TABLES `indicators` WRITE;
/*!40000 ALTER TABLE `indicators` DISABLE KEYS */;
INSERT INTO `indicators` VALUES (1,'rsi','2020-12-22 22:22:04','2020-12-22 22:22:04'),(2,'macd','2020-12-22 22:22:04','2020-12-22 22:22:04'),(3,'stochastic','2020-12-22 22:22:04','2020-12-22 22:22:04'),(4,'EMA 20','2020-12-22 22:22:04','2020-12-22 22:22:04'),(5,'EMA 50','2020-12-22 22:22:04','2020-12-22 22:22:04'),(6,'EMA 100','2020-12-22 22:22:04','2020-12-22 22:22:04');
/*!40000 ALTER TABLE `indicators` ENABLE KEYS */;
UNLOCK TABLES;

--
-- Table structure for table `instruments`
--

DROP TABLE IF EXISTS `instruments`;
/*!40101 SET @saved_cs_client     = @@character_set_client */;
/*!50503 SET character_set_client = utf8mb4 */;
CREATE TABLE `instruments` (
  `id` bigint unsigned NOT NULL AUTO_INCREMENT COMMENT 'Индификатор строки',
  `name` varchar(255) NOT NULL COMMENT 'Имя инструмента',
  `ticker` varchar(255) DEFAULT NULL COMMENT 'Краткое имя инструмента',
  `type_instrument_id` int unsigned NOT NULL COMMENT 'Тип инструмента',
  `country_id` int unsigned NOT NULL COMMENT 'Страна инструмента',
  `market_id` int unsigned DEFAULT NULL COMMENT 'Индификатор рынка',
  `exchange_id` int unsigned NOT NULL COMMENT 'Индификатор биржы',
  `description` text COMMENT 'Описание инструмента',
  `stock_id` bigint unsigned DEFAULT NULL COMMENT 'Текущиe котировки',
  `calendar_event_id` bigint unsigned DEFAULT NULL COMMENT 'Календарь событий',
  `news_id` bigint unsigned DEFAULT NULL COMMENT 'Новости по инструменту',
  `technical_analysis_id` bigint unsigned DEFAULT NULL COMMENT 'Технический анализ',
  `created_at` datetime DEFAULT CURRENT_TIMESTAMP COMMENT 'Время создания строки',
  `updated_at` datetime DEFAULT CURRENT_TIMESTAMP ON UPDATE CURRENT_TIMESTAMP COMMENT 'Время обновления строки',
  PRIMARY KEY (`id`),
  UNIQUE KEY `id` (`id`),
  KEY `instruments_type_instrument_id_fk` (`type_instrument_id`),
  KEY `instruments_country_id_fk` (`country_id`),
  KEY `instruments_exchange_id_fk` (`exchange_id`),
  KEY `instruments_stock_id_fk` (`stock_id`),
  KEY `instruments_calendar_event_id_fk` (`calendar_event_id`),
  KEY `instruments_news_id_fk` (`news_id`),
  KEY `instruments_technical_analysis_id_fk` (`technical_analysis_id`),
  KEY `instruments_market_id_fk` (`market_id`),
  CONSTRAINT `instruments_calendar_event_id_fk` FOREIGN KEY (`calendar_event_id`) REFERENCES `calendar_events` (`id`) ON DELETE SET NULL,
  CONSTRAINT `instruments_country_id_fk` FOREIGN KEY (`country_id`) REFERENCES `countries` (`id`) ON DELETE CASCADE,
  CONSTRAINT `instruments_exchange_id_fk` FOREIGN KEY (`exchange_id`) REFERENCES `exchange_lists` (`id`) ON DELETE CASCADE,
  CONSTRAINT `instruments_market_id_fk` FOREIGN KEY (`market_id`) REFERENCES `markets` (`id`) ON DELETE SET NULL,
  CONSTRAINT `instruments_news_id_fk` FOREIGN KEY (`news_id`) REFERENCES `news` (`id`) ON DELETE SET NULL,
  CONSTRAINT `instruments_stock_id_fk` FOREIGN KEY (`stock_id`) REFERENCES `stocks` (`id`) ON DELETE SET DEFAULT,
  CONSTRAINT `instruments_technical_analysis_id_fk` FOREIGN KEY (`technical_analysis_id`) REFERENCES `technical_analyzes` (`id`) ON DELETE SET NULL,
  CONSTRAINT `instruments_type_instrument_id_fk` FOREIGN KEY (`type_instrument_id`) REFERENCES `type_instruments` (`id`) ON DELETE CASCADE
) ENGINE=InnoDB AUTO_INCREMENT=210 DEFAULT CHARSET=utf8mb4 COLLATE=utf8mb4_0900_ai_ci COMMENT='Финансовый инструмент';
/*!40101 SET character_set_client = @saved_cs_client */;

--
-- Dumping data for table `instruments`
--

LOCK TABLES `instruments` WRITE;
/*!40000 ALTER TABLE `instruments` DISABLE KEYS */;
INSERT INTO `instruments` VALUES (1,'	Абрау-Дюрсо	','	ABRD	',3,138,3,3,'Explicabo consequuntur maxime quasi voluptatem. Cum eum vel repudiandae aut. Quia porro aut et laboriosam voluptatem quas et.',88,29,30,9,'2020-12-22 18:10:58','2020-12-22 22:21:59'),(2,'	Акрон	','	AKRN	',6,123,4,1,'Earum aliquid aut atque magnam. Consequuntur corporis corporis iure et. Dignissimos hic quam magni iste. Quibusdam sunt repellendus voluptas alias sunt impedit.',113,86,25,41,'2020-12-22 18:10:58','2020-12-22 22:21:59'),(3,'	АЛОР БАНК	','	ALBK	',4,198,1,1,'Id optio laboriosam similique et dolore. Rem optio voluptates doloribus consectetur qui. Ad in autem laudantium et voluptatem eos dolorem. Et eos assumenda numquam voluptas cupiditate.',91,41,33,78,'2020-12-22 18:10:58','2020-12-22 22:21:59'),(4,'	АЛРОСА	','	ALRS	',4,113,4,1,'Est quaerat nihil corporis nemo. Dolor quo molestiae molestiae fugiat et rerum. A esse ex consequatur mollitia est temporibus ex. Explicabo quia omnis veritatis quibusdam.',117,49,89,66,'2020-12-22 18:10:58','2020-12-22 22:21:59'),(5,'	Аптечная сеть 36,6	','	APTK	',2,224,2,1,'Aspernatur voluptas dolorem iusto ab exercitationem est. Sunt minus molestiae deserunt rerum nihil culpa. At voluptatem animi doloribus iusto consectetur.',103,19,45,97,'2020-12-22 18:10:58','2020-12-22 22:21:59'),(6,'	Арсагера	','	ARSA	',3,15,3,3,'Ut quis numquam et ullam harum. Ratione nemo harum accusamus ducimus ab atque magnam. Reprehenderit dolor autem animi accusantium modi. Assumenda labore qui quasi nobis perferendis consequuntur. Et cum sunt fugiat nihil quisquam eveniet perferendis.',163,48,59,88,'2020-12-22 18:10:58','2020-12-22 22:21:59'),(7,'	АФК Система	','	AFKS	',4,170,1,3,'Veritatis modi qui et. Dolores veritatis enim odit dolore est. Commodi aut voluptatem at minus eligendi. Et quisquam repellat reiciendis mollitia asperiores.',89,83,58,47,'2020-12-22 18:10:58','2020-12-22 22:21:59'),(8,'	Ашинский метзавод	','	AMEZ	',6,37,3,7,'Et tempora ut sint sed sit tenetur magnam. Est rem magni quia cum rerum omnis eum. Dolor perspiciatis qui ut sit et magnam enim.',163,70,15,71,'2020-12-22 18:10:58','2020-12-22 22:21:59'),(9,'	Аэрофлот	','	AFLT	',4,185,4,5,'Quis ea nesciunt expedita fugiat veritatis placeat. Alias ex rem nisi ipsam consequatur itaque. Iste quo voluptatum tenetur non. Amet sapiente ipsam veritatis sit quo architecto nobis.',128,2,98,14,'2020-12-22 18:10:58','2020-12-22 22:21:59'),(10,'	Банк ВТБ	','	VTBR	',3,48,4,2,'Dolore sed minus eum quaerat enim tempore. Pariatur ea nesciunt veritatis ut quas. Quis ut optio officia nisi.',150,100,45,55,'2020-12-22 18:10:58','2020-12-22 22:21:59'),(11,'	Банк Санкт-Петербург	','	BSPB	',6,197,4,2,'Qui delectus iure modi delectus. Necessitatibus aut molestias sequi commodi ut enim quod. Expedita et officiis neque. Voluptas architecto alias dolorum aut.',159,91,33,35,'2020-12-22 18:10:58','2020-12-22 22:21:59'),(12,'	Башнефть	','	BANE	',3,72,1,4,'Quidem dolorem laudantium aut qui quia non. Et distinctio ut recusandae magnam iste in. Modi accusamus qui ipsum aut.',137,54,26,9,'2020-12-22 18:10:58','2020-12-22 22:21:59'),(13,'	Башнефть пр.	','	BANEP	',4,27,5,7,'Rerum voluptates velit et vel rerum possimus sequi. Enim consequatur aut aliquam sed alias. Accusamus impedit sit qui est qui.',204,99,32,39,'2020-12-22 18:10:58','2020-12-22 22:21:59'),(14,'	Белон	','	BLNG	',2,171,3,1,'Voluptas ea id eos minus. Aliquid perspiciatis at quod. Repudiandae quia dolore earum sit rerum sed temporibus praesentium.',191,33,83,66,'2020-12-22 18:10:58','2020-12-22 22:21:59'),(15,'	Бурятзолото	','	BRZL	',3,10,1,2,'Dolorem officia ut quod. Nihil quisquam autem sint doloribus eveniet dolorem omnis non. Provident nihil blanditiis sunt hic. Neque molestiae culpa consequatur ut voluptatem similique.',135,67,19,12,'2020-12-22 18:10:58','2020-12-22 22:21:59'),(16,'	Варьеганнефтегаз	','	VJGZ	',3,47,4,3,'Incidunt corrupti ratione fugiat distinctio necessitatibus. Perferendis quia nihil expedita fugiat inventore et. Quos et eum ut repellat minima. Ut quisquam quidem aut delectus.',102,37,45,62,'2020-12-22 18:10:58','2020-12-22 22:21:59'),(17,'	Варьеганнефтегаз пр.	','	VJGZP	',2,206,2,1,'Nesciunt cupiditate vel sed iure. In qui veritatis deserunt modi totam qui animi ut. Dicta eos laborum illum distinctio. Sit ab possimus dignissimos dolores.',103,80,68,72,'2020-12-22 18:10:58','2020-12-22 22:21:59'),(18,'	ВладимирХимЗавод	','	VLHZ	',4,121,5,4,'Omnis veniam adipisci perspiciatis adipisci. Minus nihil rem impedit dolores vel in. Dolorem alias pariatur id laboriosam. Odio numquam porro cupiditate et.',208,91,5,76,'2020-12-22 18:10:58','2020-12-22 22:21:59'),(19,'	Возрождение Банк пр.	','	VZRZP	',3,242,2,7,'Ut enim quo minus itaque dolores magnam. Necessitatibus vero nihil adipisci tempora voluptas et et. Dolorem dolorem voluptatem laboriosam id dolor suscipit. Non ut enim omnis velit illum ut.',106,15,20,64,'2020-12-22 18:10:58','2020-12-22 22:21:59'),(20,'	ВолгоградЭнергоСбыт	','	VGSB	',3,84,2,3,'Corrupti qui dolores quasi animi. Ea corrupti qui aut incidunt ut laborum. Ipsa vel omnis esse consequatur et dignissimos placeat qui.',114,100,85,89,'2020-12-22 18:10:58','2020-12-22 22:21:59'),(21,'	ВоронежЭнергоСбыт	','	VRSB	',3,200,5,1,'Consectetur nihil quisquam ratione consequatur rerum facere. Dolorem nisi sit non minus id velit. Sed et explicabo esse.',41,54,63,55,'2020-12-22 18:10:58','2020-12-22 22:21:59'),(22,'	ВоронежЭнергоСбыт пр.	','	VRSBP	',1,241,2,1,'Ut iusto placeat dolor in quis id dicta. Repellendus necessitatibus accusamus voluptas qui consequatur ad. Esse vero suscipit ipsa itaque. Voluptatem quam recusandae voluptas et nobis recusandae quos.',71,72,61,5,'2020-12-22 18:10:58','2020-12-22 22:21:59'),(23,'	ВСМПО-АВИСМА	','	VSMO	',3,91,2,1,'Qui perferendis illum repellat dolor quod porro. Commodi veritatis distinctio voluptatem expedita corporis occaecati.',25,94,14,59,'2020-12-22 18:10:58','2020-12-22 22:21:59'),(24,'	Газпром	','	GAZP	',6,244,1,4,'Occaecati assumenda possimus enim. Laboriosam omnis ad dolores mollitia illum rerum quo. Consequuntur delectus sed et molestiae quisquam nisi temporibus.',120,56,86,82,'2020-12-22 18:10:58','2020-12-22 22:21:59'),(25,'	Газпром нефть	','	SIBN	',5,179,1,1,'Quidem iusto aut nostrum quis excepturi ex ratione. Ipsam eius non sit quia. Aliquam officia perferendis velit quo.',108,97,90,29,'2020-12-22 18:10:58','2020-12-22 22:21:59'),(26,'	Галс-Девелопмент	','	HALS	',4,165,3,2,'Beatae voluptas qui vel et non quibusdam molestias. Quia quos similique aliquam nobis. Accusantium voluptates et praesentium perferendis consequatur.',177,17,89,2,'2020-12-22 18:10:58','2020-12-22 22:21:59'),(27,'	Группа Компаний ПИК	','	PIKK	',4,33,4,4,'Qui vel excepturi optio et assumenda. Est deserunt a voluptatum deleniti dolorem laudantium. Iste asperiores aut nisi distinctio est vel qui. Totam omnis neque ut exercitationem.',141,94,76,21,'2020-12-22 18:10:58','2020-12-22 22:21:59'),(28,'	Группа ЛСР	','	LSRG	',3,177,2,5,'Odit dolor ad omnis aut aut est quod. Ut consequuntur ut aperiam voluptatem minus.',177,16,12,98,'2020-12-22 18:10:58','2020-12-22 22:21:59'),(29,'	ДагестанЭнергоСбыт	','	DASB	',5,24,1,1,'Rerum dolorem amet quis. Quia qui nulla nobis cumque et. Exercitationem voluptatem et dolore quibusdam quaerat et ipsum aspernatur. Est quos quo sunt eos perspiciatis facilis doloribus nemo.',41,100,33,28,'2020-12-22 18:10:58','2020-12-22 22:21:59'),(30,'	ДВМП	','	FESH	',5,95,2,3,'Consequatur consequatur et ex dolores mollitia non. Ut nesciunt qui sit sint esse perferendis. Eum distinctio aut dolorem voluptatem eum.',91,51,26,46,'2020-12-22 18:10:58','2020-12-22 22:21:59'),(31,'	ДИОД	','	DIOD	',4,151,4,4,'Molestias deleniti cumque dolorum est tempore sit illo. Tenetur quia omnis odit et perferendis accusamus nobis. Veniam et aut et ut. Itaque voluptas est a est qui amet distinctio. Veniam sequi et ex.',121,55,31,46,'2020-12-22 18:10:58','2020-12-22 22:21:59'),(32,'	Донской ЗРД пр.	','	DZRDP	',5,211,2,3,'Qui reprehenderit odit facere qui odio asperiores qui quam. Nesciunt eos occaecati vel tenetur. Totam cumque veritatis ut ea ea. Recusandae sequi voluptas libero qui commodi.',126,20,78,92,'2020-12-22 18:10:58','2020-12-22 22:21:59'),(33,'	ДЭК	','	DVEC	',1,94,2,5,'Ex occaecati sint nihil a in. Autem optio maxime ut delectus magnam quia voluptate. Veniam quia qui nisi laudantium consectetur vel voluptas magni. Voluptatem tenetur nihil quidem enim nesciunt accusamus quas.',57,37,94,23,'2020-12-22 18:10:58','2020-12-22 22:21:59'),(34,'	ЗИЛ	','	ZILL	',5,92,5,6,'Omnis ex est enim aut veniam ut. Sunt impedit dolore dolores. Sed exercitationem velit quibusdam tempora et hic consequatur. Beatae provident tempore dolor rerum.',115,23,38,35,'2020-12-22 18:10:58','2020-12-22 22:21:59'),(35,'	ИНТЕР РАО ЕЭС	','	IRAO	',1,177,3,1,'Ea ex non perspiciatis eos. Aliquid tenetur ullam sint fugiat. Voluptatibus illo deserunt consequuntur et voluptate eius nostrum deleniti. Sunt sint ex ratione ratione hic.',193,3,5,8,'2020-12-22 18:10:58','2020-12-22 22:21:59'),(36,'	ИРКУТ	','	IRKT	',5,97,1,1,'Qui perferendis a recusandae culpa aliquam minima deserunt doloribus. Velit iure voluptatibus aliquam provident aspernatur et. Qui modi accusantium aut molestiae deleniti repudiandae. Aut occaecati id recusandae.',204,44,12,32,'2020-12-22 18:10:58','2020-12-22 22:21:59'),(37,'	ИркутскЭн	','	IRGZ	',5,208,4,1,'Non aut aut minima eligendi iste fugiat. Perspiciatis eum sed incidunt similique optio dolor. Inventore laudantium ad mollitia rerum dolor consequatur.',23,12,44,36,'2020-12-22 18:10:58','2020-12-22 22:21:59'),(38,'	Казаньоргсинтез	','	KZOS	',4,241,3,3,'Inventore tempora similique nihil deleniti maxime enim quasi. Quas voluptas illum id. Asperiores aliquam porro sit qui quos rerum. Eum aut tempore aut animi sed enim.',130,26,85,83,'2020-12-22 18:10:58','2020-12-22 22:21:59'),(39,'	Казаньоргсинтез пр.	','	KZOSP	',2,68,3,3,'Ipsum assumenda quis temporibus repudiandae autem. Doloremque iure qui iure autem accusamus.',161,93,91,9,'2020-12-22 18:10:58','2020-12-22 22:21:59'),(40,'	КалугаСбытКомпания	','	KLSB	',3,129,1,1,'Dolor vel eveniet delectus voluptatem autem. Voluptas praesentium sunt nesciunt quia qui sunt rem. Sed blanditiis at ea aspernatur.',207,88,1,95,'2020-12-22 18:10:58','2020-12-22 22:21:59'),(41,'	КАМАЗ	','	KMAZ	',3,184,5,7,'Impedit et totam sint eum reiciendis dolorem quo. Non quas voluptas est nihil dicta. Ratione saepe ea labore provident deleniti. Perferendis qui temporibus voluptates est sed qui est. Et magni qui voluptas rerum atque quibusdam pariatur laborum.',134,61,29,49,'2020-12-22 18:10:58','2020-12-22 22:21:59'),(42,'	КамчатскЭн	','	KCHE	',2,24,2,6,'Qui omnis aperiam recusandae quos cum. Omnis occaecati aut aut voluptatem architecto quidem nostrum. Tenetur fugiat libero iste.',49,39,45,57,'2020-12-22 18:10:58','2020-12-22 22:21:59'),(43,'	Квадра	','	TGKD	',3,77,4,7,'Sed fuga molestiae sapiente facilis eos dolores. Eligendi quas et iste itaque qui. Aperiam vitae nam qui consectetur et omnis. Perferendis quia deleniti id ratione ipsam adipisci nam. Reiciendis quibusdam labore iste repellendus.',50,10,35,39,'2020-12-22 18:10:58','2020-12-22 22:21:59'),(44,'	Квадра пр.	','	TGKDP	',4,57,3,2,'Harum non ut corporis. Aliquam quia et dolorem necessitatibus non deleniti. Nam modi illum et. A doloremque magni nemo ullam nihil nulla illo.',103,34,38,21,'2020-12-22 18:10:58','2020-12-22 22:21:59'),(45,'	Компания М.видео	','	MVID	',4,53,2,4,'Ducimus ipsum in natus non dolor. Nostrum consectetur quia provident modi. Vero perferendis necessitatibus recusandae sed dolor numquam id.',154,42,87,90,'2020-12-22 18:10:58','2020-12-22 22:21:59'),(46,'	Костромская СК пр.	','	KTSBP	',3,94,3,1,'Hic mollitia consequuntur et incidunt. Beatae quia qui animi odit quod.',42,4,22,87,'2020-12-22 18:10:58','2020-12-22 22:21:59'),(47,'	КрасноярскЭС пр.	','	KRSBP	',6,57,5,3,'Saepe corrupti consequatur deleniti enim. Tempore nostrum aperiam voluptate enim. Sapiente similique amet esse dolores culpa saepe.',166,94,46,64,'2020-12-22 18:10:58','2020-12-22 22:21:59'),(48,'	Красный Октябрь	','	KROT	',4,2,4,6,'Sequi consequuntur a natus officia. Sed dolorem animi ut blanditiis quo ratione quaerat. Dolorum inventore molestiae praesentium dolore saepe exercitationem aut. Minus rem ea dolores a sunt molestiae ut.',75,59,62,60,'2020-12-22 18:10:58','2020-12-22 22:21:59'),(49,'	Красный Октябрь пр.	','	KROTP	',6,92,3,7,'Eligendi hic ullam provident dicta. Est nemo eveniet quas omnis ut non. Minus inventore qui quia. Vel ipsum dolor vel et recusandae in et.',87,12,74,7,'2020-12-22 18:10:58','2020-12-22 22:21:59'),(50,'	КубаньЭн	','	KUBE	',5,201,1,7,'Iure totam est ullam alias vero quia deserunt. Impedit officiis ut officia quia mollitia et corrupti. Tempore tenetur neque ex sequi voluptas dolorum labore facere.',207,82,84,55,'2020-12-22 18:10:58','2020-12-22 22:21:59'),(51,'	КубаньЭнергоСбыт	','	KBSB	',2,218,2,3,'Necessitatibus facere optio saepe eum sint soluta id. Corrupti et qui quam non quas vel consequatur et. Aliquam aut est tempora accusamus molestias. Placeat iusto voluptatum provident aut et. Illo aut reprehenderit enim vel rem sint.',149,74,97,52,'2020-12-22 18:10:58','2020-12-22 22:21:59'),(52,'	Кузбасская ТК	','	KBTK	',5,232,3,6,'Id expedita voluptas enim occaecati. Voluptas veniam a et ut nesciunt est. Dicta aut doloremque tempora earum aliquam. Nulla quaerat nostrum aliquam molestias perspiciatis consequuntur. Facilis molestias beatae aut dignissimos.',123,22,33,95,'2020-12-22 18:10:58','2020-12-22 22:22:00'),(53,'	Кузнецкий Банк	','	KUZB	',6,249,2,6,'Eius laborum sit maiores quis. Dolor asperiores ab est reprehenderit ipsum. Debitis modi ullam sequi nihil. Necessitatibus sed magni autem nihil.',168,90,71,20,'2020-12-22 18:10:58','2020-12-22 22:22:00'),(54,'	Левенгук	','	LVHK	',3,39,5,3,'Qui inventore veritatis deleniti est fugit. Excepturi veniam distinctio quas est aut. Qui non quis aliquid maiores eos aspernatur.',54,81,58,12,'2020-12-22 18:10:58','2020-12-22 22:22:00'),(55,'	Лензолото	','	LNZL	',1,213,3,6,'Aut illum eligendi laudantium nam aperiam ut ratione. Omnis repellendus in quia. Voluptatem consectetur sed qui illum. Consectetur quia et perferendis ea.',182,35,74,100,'2020-12-22 18:10:58','2020-12-22 22:22:00'),(56,'	Лензолото пр.	','	LNZLP	',4,181,4,6,'Aliquam doloremque autem omnis eum ducimus ex. Ratione ex adipisci saepe molestiae. Vel optio ipsum atque beatae consequatur. Laudantium molestiae et saepe et reprehenderit dolores.',123,33,96,63,'2020-12-22 18:10:58','2020-12-22 22:22:00'),(57,'	ЛенЭн	','	LSNG	',3,10,3,3,'Officiis quia rem praesentium. Ut fugiat modi et expedita sint. Eius asperiores alias molestias et. Error dolores minus hic mollitia.',65,58,57,15,'2020-12-22 18:10:58','2020-12-22 22:22:00'),(58,'	ЛенЭн пр.	','	LSNGP	',2,16,5,4,'Assumenda est adipisci tenetur velit consequatur asperiores. Reprehenderit quo praesentium tenetur occaecati. Esse nisi sit quia quisquam eaque. Velit impedit et eos vel. Et consectetur molestiae sit voluptatum.',166,93,96,86,'2020-12-22 18:10:58','2020-12-22 22:22:00'),(59,'	ЛУКОЙЛ	','	LKOH	',3,49,5,5,'Dolores saepe optio pariatur dolores est. Est aperiam dolorum occaecati ipsam dolor neque. Dolor nulla vitae non et eveniet alias.',8,88,9,83,'2020-12-22 18:10:58','2020-12-22 22:22:00'),(60,'	Магнит	','	MGNT	',2,195,2,3,'Alias quia consequatur minus officiis debitis quos. Distinctio omnis et sed ullam illo corporis.',166,63,58,56,'2020-12-22 18:10:58','2020-12-22 22:22:00'),(61,'	МегионНГ	','	MFGS	',1,66,4,2,'Et doloribus hic repellat atque. Recusandae voluptate necessitatibus reprehenderit vel officia adipisci libero. Ea eius ut est placeat eos quam. Ea exercitationem iusto consectetur aut eos aut. Ut minima debitis voluptates enim est officia.',180,48,61,30,'2020-12-22 18:10:58','2020-12-22 22:22:00'),(62,'	МегионНГ пр.	','	MFGSP	',5,254,4,7,'Sed molestias quia assumenda eius consequuntur nihil nemo magnam. Dolores quas rem dolorem ad fugit eum ex quod. Ut ut veniam harum ut quia est ducimus. Ad eos eum nostrum eligendi eum qui.',194,50,32,81,'2020-12-22 18:10:58','2020-12-22 22:22:00'),(63,'	Медиахолдинг	','	ODVA	',1,52,5,2,'Reprehenderit error dolor corrupti ipsum quasi dolorem. Quis excepturi quae id modi animi. Tempore libero voluptate aliquam hic explicabo et velit. Voluptatem at architecto voluptas non dolorem est.',8,5,76,15,'2020-12-22 18:10:58','2020-12-22 22:22:00'),(64,'	МЕЧЕЛ	','	MTLR	',2,7,3,2,'Est nemo similique vel ut laudantium. Cum necessitatibus soluta dicta provident accusamus perspiciatis autem. Ut voluptatum dolorem autem ipsum in.',88,76,84,33,'2020-12-22 18:10:58','2020-12-22 22:22:00'),(65,'	МЕЧЕЛ пр.	','	MTLRP	',5,135,1,3,'Aut debitis quam distinctio sunt quaerat. Ullam consequatur eius dolorum facilis et eveniet quia expedita. Qui architecto vero amet perspiciatis optio quos ut. Et quam aut ut.',203,63,90,19,'2020-12-22 18:10:58','2020-12-22 22:22:00'),(66,'	ММК	','	MAGN	',2,142,1,1,'Mollitia architecto error id rerum eos animi. Beatae animi eos consequatur. Quia sapiente doloremque nam quam totam molestiae et qui. Odit voluptas non sit nulla.',126,86,100,96,'2020-12-22 18:10:58','2020-12-22 22:22:00'),(67,'	МордовияЭнергоСбыт	','	MRSB	',1,49,2,1,'Temporibus voluptas perspiciatis quo possimus ullam ad eaque necessitatibus. Voluptatem esse porro neque et ut. Voluptas ipsum sapiente dolores voluptatibus amet consequatur ipsum.',18,42,28,22,'2020-12-22 18:10:58','2020-12-22 22:22:00'),(68,'	Московская Биржа	','	MOEX	',5,72,2,4,'Deleniti est neque repellendus quia deserunt quis odio qui. Accusantium nam veniam repellendus deserunt. Odit eius voluptatem accusamus nam maiores.',132,53,38,22,'2020-12-22 18:10:58','2020-12-22 22:22:00'),(69,'	МОСТОТРЕСТ	','	MSTT	',1,215,1,1,'Aut voluptatibus natus nam consectetur doloremque numquam. Unde in aut occaecati saepe ab assumenda eum. Et reprehenderit recusandae ullam officia vitae eum. Aperiam voluptas enim quia quisquam consequatur repellendus quas enim.',186,36,5,45,'2020-12-22 18:10:58','2020-12-22 22:22:00'),(70,'	Мосэнерго	','	MSNG	',5,95,3,2,'Quia ipsa fugiat architecto est voluptates nemo qui. Laborum maiores molestiae natus. Molestiae excepturi officiis laudantium similique blanditiis magni accusamus natus.',118,23,10,57,'2020-12-22 18:10:58','2020-12-22 22:22:00'),(71,'	МОЭСК	','	MSRS	',1,82,1,4,'Soluta assumenda est tempore ut sit velit qui. Incidunt debitis fuga temporibus itaque corporis ut vel. Ex error et deserunt exercitationem. Accusamus ut nam quia est incidunt voluptatum autem.',29,7,37,48,'2020-12-22 18:10:58','2020-12-22 22:22:00'),(72,'	МРСК Волги	','	MRKV	',3,126,3,6,'Aut et possimus accusantium ipsam ipsa. Impedit omnis consequatur dicta quod et a et. Dolorem at voluptatem natus qui ut voluptatibus aut. Architecto impedit pariatur velit minus voluptatum nam distinctio.',207,65,55,70,'2020-12-22 18:10:58','2020-12-22 22:22:00'),(73,'	МРСК Северо-Запада	','	MRKZ	',5,128,1,6,'Quia molestiae vel rerum et non dolor velit. Impedit perspiciatis quo minus at similique voluptas eos. Ex amet consequatur iusto tempore vitae et repudiandae. Alias tempore sed qui.',115,4,63,7,'2020-12-22 18:10:58','2020-12-22 22:22:00'),(74,'	МРСК Сибири	','	MRKS	',4,6,4,5,'Saepe facilis cupiditate voluptatem. Placeat delectus cum vel debitis non quia. Pariatur repudiandae earum doloribus quaerat. Et voluptatem consequuntur et accusantium cum voluptas placeat. Quam repudiandae et dignissimos dignissimos.',160,22,49,23,'2020-12-22 18:10:58','2020-12-22 22:22:00'),(75,'	МРСК СК	','	MRKK	',4,155,4,5,'Quasi necessitatibus dolore consequuntur dolorum et. Earum ea maxime amet aut dolorum quia repellendus. Dolorem in possimus quaerat sit.',38,1,56,92,'2020-12-22 18:10:58','2020-12-22 22:22:00'),(76,'	МРСК Центра	','	MRKC	',6,249,2,2,'Voluptatibus et sunt dolorem. Explicabo cumque cumque esse odit consequatur enim. Rem dolor sunt reprehenderit magnam et asperiores illum et. Qui rerum est harum aut amet.',126,35,32,91,'2020-12-22 18:10:58','2020-12-22 22:22:00'),(77,'	МРСК ЦП	','	MRKP	',1,11,5,4,'Ut exercitationem ex soluta doloribus odit eius. Voluptas et totam vero perspiciatis autem alias. Quia commodi eveniet quo odit.',99,73,91,78,'2020-12-22 18:10:58','2020-12-22 22:22:00'),(78,'	МРСК Юга	','	MRKY	',2,75,5,4,'Possimus dignissimos natus quasi eos quas. Repudiandae distinctio deleniti sit fugiat expedita similique. Odit quibusdam eum iste et porro.',118,60,60,15,'2020-12-22 18:10:58','2020-12-22 22:22:00'),(79,'	МТС	','	MTSS	',3,86,5,7,'Tempore non unde vel fugiat. Nisi omnis voluptatem dicta rerum sed magni est. Sunt iure ut et dolores fuga.',80,81,25,43,'2020-12-22 18:10:58','2020-12-22 22:22:00'),(80,'	Мультисистема	','	MSST	',4,203,4,5,'Quasi laudantium sapiente facilis nisi vel. Est maiores similique et.',48,23,43,69,'2020-12-22 18:10:58','2020-12-22 22:22:00'),(81,'	Наука-Связь	','	NSVZ	',1,248,1,7,'Non iusto aut reprehenderit qui. Molestias pariatur velit qui rerum ea. Id deleniti enim cumque consectetur odio earum ducimus.',206,73,43,17,'2020-12-22 18:10:58','2020-12-22 22:22:00'),(82,'	Нижегородская СК	','	NNSB	',6,119,5,5,'Et odit deserunt voluptas officiis et iste reprehenderit. Totam quos nisi maiores nulla perspiciatis voluptatem reiciendis. Nobis quos nulla quia mollitia dolor. Dolor voluptatem atque omnis quia fugit.',51,94,84,78,'2020-12-22 18:10:58','2020-12-22 22:22:00'),(83,'	Нижегородская СК пр.	','	NNSBP	',6,107,3,6,'Suscipit magnam consequatur et itaque dolor aliquam. Dolorum qui perspiciatis delectus. Error voluptatibus et pariatur quo. Rerum ea voluptatibus unde et sunt deleniti ut.',53,50,92,39,'2020-12-22 18:10:58','2020-12-22 22:22:00'),(84,'	НижнекамскНХ	','	NKNC	',3,177,5,7,'Et minima neque saepe inventore nisi exercitationem repellat. Quam porro facilis molestiae sed. Maxime eligendi ipsam consequuntur saepe et possimus sint vitae.',112,68,5,58,'2020-12-22 18:10:58','2020-12-22 22:22:00'),(85,'	НижнекамскНХ пр.	','	NKNCP	',2,55,5,4,'Et quis reiciendis esse qui veniam. Praesentium corporis optio est sed quaerat. Dolor consequatur non ut enim rem. Enim et vitae ullam.',192,91,50,72,'2020-12-22 18:10:58','2020-12-22 22:22:00'),(86,'	НЛМК	','	NLMK	',1,251,4,4,'Est aut laboriosam dignissimos cum quae. Porro inventore ut ipsa aut necessitatibus. Dolores aut provident sit corrupti.',206,50,34,85,'2020-12-22 18:10:58','2020-12-22 22:22:00'),(87,'	НОВАТЭК	','	NVTK	',2,68,1,7,'Consequuntur ullam distinctio incidunt sit. Esse consequatur expedita similique voluptatem.',34,75,21,8,'2020-12-22 18:10:58','2020-12-22 22:22:00'),(88,'	Новороссийский МТП	','	NMTP	',1,100,5,1,'Saepe natus aut eum est. Aliquam amet quia quam eum neque. Laborum facilis nemo fuga quo consequatur.',178,26,2,85,'2020-12-22 18:10:58','2020-12-22 22:22:00'),(89,'	НОМОС-БАНК	','	NMOS	',6,41,3,3,'Sint error placeat eum tempore quia. Distinctio et nisi omnis distinctio.',161,3,45,100,'2020-12-22 18:10:58','2020-12-22 22:22:00'),(90,'	Норильский никель	','	GMKN	',1,158,2,6,'Blanditiis omnis molestias repellat velit. Enim fugiat quia et provident adipisci officiis.',61,37,19,46,'2020-12-22 18:10:58','2020-12-22 22:22:00'),(91,'	ОАК	','	UNAC	',1,158,3,1,'Enim voluptatem ducimus necessitatibus eveniet magni maxime. Pariatur aut id quis qui pariatur qui. Recusandae minus et dolor officia modi sed minus.',30,77,59,29,'2020-12-22 18:10:58','2020-12-22 22:22:00'),(92,'	ОГК-2	','	OGKB	',5,59,4,5,'Consequatur quas voluptate natus aut. Vitae quaerat qui dolor laborum sit voluptatem. Et doloribus vel quos suscipit et dolor.',175,73,39,7,'2020-12-22 18:10:58','2020-12-22 22:22:00'),(93,'	ОПИН	','	OPIN	',6,78,4,3,'Sequi et aspernatur dolores minus. Et rerum corrupti sint at autem. Aliquid commodi atque omnis.',158,34,17,47,'2020-12-22 18:10:58','2020-12-22 22:22:00'),(94,'	ПермЭнергоСбыт пр.	','	PMSBP	',1,210,4,6,'Ipsa possimus sunt delectus ad commodi non corrupti. Atque cupiditate vero dolore cupiditate autem fugiat et. Reprehenderit et quidem voluptas aut illo. Facilis sint eaque sunt animi nobis.',55,51,69,13,'2020-12-22 18:10:58','2020-12-22 22:22:00'),(95,'	Полюс Золото	','	PLZL	',4,50,3,7,'Eum aut id non illum modi dolor accusamus. Et error architecto ut illo nobis. Non doloribus quam non vel laborum assumenda beatae ut. Veniam unde natus qui et ad sint autem iusto. Dolorem rem qui dolorem voluptatem aut sunt.',10,50,94,23,'2020-12-22 18:10:58','2020-12-22 22:22:00'),(96,'	Распадская	','	RASP	',6,129,2,4,'Sint ducimus maxime velit eveniet earum. Officiis recusandae voluptatem repudiandae cum commodi provident sit. Quidem non accusantium saepe aliquid ut consectetur ipsa aliquid.',93,98,63,75,'2020-12-22 18:10:58','2020-12-22 22:22:00'),(97,'	РБК	','	RBCM	',6,241,2,2,'Fugit velit maiores velit officia eius non. Veritatis et saepe recusandae nobis corrupti aut est. Aspernatur et mollitia repellat sit.',15,38,30,6,'2020-12-22 18:10:58','2020-12-22 22:22:00'),(98,'	Роллман	','	RLMN	',4,52,2,1,'Ducimus quisquam sit sed. Et autem sed non molestias neque et dignissimos deserunt. Esse quia mollitia voluptatem doloribus.',7,96,61,6,'2020-12-22 18:10:58','2020-12-22 22:22:00'),(99,'	РОСБАНК АКБ	','	ROSB	',1,47,3,4,'Quisquam quia corrupti voluptate ipsum. Sed unde exercitationem perspiciatis unde. Quis sint harum impedit neque et voluptatem est. Non vel alias quia aut consequatur et.',198,68,15,10,'2020-12-22 18:10:58','2020-12-22 22:22:00'),(100,'	Росинтер	','	ROST	',6,76,1,2,'Recusandae consequuntur et eligendi delectus vel amet. Doloremque ut nulla quidem nam quo perferendis. Quia totam praesentium officia magni sapiente quidem blanditiis. Qui ipsam neque quia ut.',134,48,91,32,'2020-12-22 18:10:58','2020-12-22 22:22:00'),(101,'	Роснефть	','	ROSN	',2,242,4,3,'Eligendi eligendi qui tenetur modi aut est. Delectus rerum alias voluptas eos laboriosam ut. Commodi dolor architecto ipsam eaque dignissimos aut.',74,37,11,29,'2020-12-22 18:10:58','2020-12-22 22:22:00'),(102,'	Российские сети	','	MRKH	',3,216,4,5,'Fugit voluptate veniam sunt cumque eum sit est. Perferendis numquam veritatis qui consequuntur modi ullam. Delectus illo veniam optio ex aut vel laborum. Occaecati est molestiae et sunt qui. Minima quidem ratione mollitia atque nulla ut.',175,39,81,47,'2020-12-22 18:10:58','2020-12-22 22:22:00'),(103,'	Российские сети пр.	','	MRKHP	',2,98,1,5,'Rerum sed sit dolorum. Sint rerum nisi voluptate quisquam sit odit. Vel quo et in quis rem blanditiis.',26,86,70,50,'2020-12-22 18:10:58','2020-12-22 22:22:00'),(104,'	Ростелеком	','	RTKM	',2,94,3,3,'Animi nihil distinctio velit voluptatem. Veniam ut illo in cum quia illo error nemo. Qui similique temporibus omnis earum. Tempora nemo aspernatur alias id necessitatibus.',22,12,9,8,'2020-12-22 18:10:58','2020-12-22 22:22:00'),(105,'	Ростелеком пр.	','	RTKMP	',1,179,4,2,'Perspiciatis et eos delectus. Cupiditate eos sapiente a ad. Voluptatum vel eligendi molestiae molestiae ullam omnis a. Consequatur deserunt voluptatibus laborum sapiente et distinctio harum.',30,99,34,90,'2020-12-22 18:10:58','2020-12-22 22:22:00'),(106,'	РусГидро	','	HYDR	',2,100,5,5,'Est sunt occaecati sit laborum officiis. Quas reiciendis et possimus alias. Excepturi sint velit architecto nulla.',86,60,40,23,'2020-12-22 18:10:58','2020-12-22 22:22:00'),(107,'	Русгрэйн Холдинг	','	RUGR	',4,219,2,3,'Est sint delectus sed. Consequuntur est hic et quis. Hic delectus consequatur dolorem accusantium ut nam. Autem ducimus ullam et debitis consequatur aperiam.',130,2,99,45,'2020-12-22 18:10:58','2020-12-22 22:22:00'),(108,'	РУСС-ИНВЕСТ ИК	','	RUSI	',2,29,2,3,'Voluptates ipsum voluptatem maxime ad rerum eveniet deleniti. Qui nemo tenetur asperiores illo. Explicabo ipsa omnis ea. Consectetur rerum est repudiandae rerum.',183,29,74,58,'2020-12-22 18:10:58','2020-12-22 22:22:00'),(109,'	Русское море ГК	','	RSEA	',5,254,2,3,'Omnis in doloribus rerum dignissimos sed dolorem modi quibusdam. Sapiente iste provident cum. Sed corporis laboriosam mollitia autem non est.',107,37,74,52,'2020-12-22 18:10:58','2020-12-22 22:22:00'),(110,'	РязаньЭнергоСбыт	','	RZSB	',5,164,5,5,'Sequi nisi eius molestias dolor est nulla quo quo. Quam aut architecto dolor porro. Sit corrupti eveniet vitae sed doloremque. Numquam nostrum aut aspernatur corrupti illo ipsa dolores.',193,99,48,86,'2020-12-22 18:10:58','2020-12-22 22:22:00'),(111,'	СамараЭн	','	SAGO	',5,54,1,1,'Dolor beatae et est ea in nesciunt quia. Ut maxime et mollitia impedit ut officiis magni. Dicta minus et eum voluptas quia tempore facere.',18,83,15,73,'2020-12-22 18:10:58','2020-12-22 22:22:00'),(112,'	СамараЭн пр.	','	SAGOP	',5,33,4,5,'Saepe laboriosam tempore error voluptates quia odit. Dolorem dolor expedita laudantium et aut. Neque libero ullam possimus natus consequatur. Ipsum repellat asperiores assumenda error odio nulla voluptate voluptatem.',138,16,33,8,'2020-12-22 18:10:58','2020-12-22 22:22:00'),(113,'	СаратовЭн пр.	','	SAREP	',6,2,3,7,'Vitae quos sed eum quo blanditiis. A eum quis dignissimos id velit eveniet perspiciatis labore.',9,33,19,22,'2020-12-22 18:10:58','2020-12-22 22:22:00'),(114,'	Сбербанк России	','	SBER	',4,165,1,5,'Praesentium dignissimos similique cupiditate assumenda sed molestiae. Quae voluptatem consequatur occaecati eveniet impedit. Corporis officia eaque vitae et quaerat expedita ducimus. Alias praesentium rerum velit reiciendis eum.',47,15,96,83,'2020-12-22 18:10:58','2020-12-22 22:22:00'),(115,'	Сбербанк России	','	SBERP	',2,54,5,6,'Provident voluptas modi hic debitis quam tempore. Fugiat rerum vel iusto officia. Asperiores voluptatem dolore velit autem nostrum illo sequi et. Molestiae voluptatum hic consequatur dolorem et.',206,77,22,49,'2020-12-22 18:10:58','2020-12-22 22:22:00'),(116,'	Северсталь	','	CHMF	',2,28,2,4,'Tempore consequuntur iusto quibusdam quia quo. Dolor accusantium maiores quia quia.',55,39,20,96,'2020-12-22 18:10:58','2020-12-22 22:22:00'),(117,'	Селигдар	','	SELG	',2,235,2,3,'Dolore ab facilis molestiae. Iste eius tenetur eligendi dignissimos sint nobis. Suscipit dolores amet aliquam ipsum. Quaerat voluptas iste repellendus voluptas rerum qui incidunt. Autem sint cum quidem ab ipsam.',72,64,34,33,'2020-12-22 18:10:58','2020-12-22 22:22:00'),(118,'	Селигдар пр.	','	SELGP	',1,70,1,4,'Nam non et dolores ad et amet. Optio odit sed ex ut voluptatem quae. Natus non consequuntur aperiam. Et sed commodi tempore et alias.',198,4,10,78,'2020-12-22 18:10:58','2020-12-22 22:22:00'),(119,'	Синергия	','	SYNG	',1,155,5,1,'Nam ad voluptas et omnis. Esse blanditiis nihil quidem aspernatur accusantium. Illo earum sunt veniam. Nobis ut hic aut qui fugit dolorem rerum. Non officia ducimus nemo suscipit.',144,26,48,87,'2020-12-22 18:10:58','2020-12-22 22:22:00'),(120,'	Славнефть-ЯНОС пр.	','	JNOSP	',5,55,1,7,'Accusamus commodi consectetur asperiores rerum in ipsum dicta. Voluptatem fugit perspiciatis culpa rerum.',126,18,10,4,'2020-12-22 18:10:58','2020-12-22 22:22:00'),(121,'	Славнефть-ЯрНОС	','	JNOS	',2,64,3,2,'Laboriosam sunt illo veniam nulla. Eligendi quidem inventore eos quia occaecati amet. Quia dicta libero consectetur ducimus quos placeat. Nemo voluptatem nulla veritatis repellat.',197,12,3,56,'2020-12-22 18:10:58','2020-12-22 22:22:00'),(122,'	Соликамск Магний	','	MGNZ	',2,155,3,6,'Libero debitis necessitatibus recusandae voluptas quia. Laudantium ea sed quae recusandae. Enim deleniti ratione qui molestiae repudiandae.',187,4,87,69,'2020-12-22 18:10:58','2020-12-22 22:22:00'),(123,'	СОЛЛЕРС	','	SVAV	',1,73,2,6,'Non ad ipsa est enim explicabo qui commodi. Et temporibus cupiditate aut sit. Qui fugit non esse voluptatum fugit. Et impedit sapiente sit ut.',136,82,23,76,'2020-12-22 18:10:58','2020-12-22 22:22:00'),(124,'	СтавропольЭС	','	STSB	',4,154,5,6,'Dicta exercitationem facilis suscipit dicta ratione et aut. Cupiditate velit qui nostrum aut. Reprehenderit et nesciunt consequatur ducimus dolor.',119,1,54,72,'2020-12-22 18:10:58','2020-12-22 22:22:00'),(125,'	СтавропольЭС пр.	','	STSBP	',6,41,2,2,'Velit dignissimos praesentium assumenda distinctio. Consequatur mollitia quod id. Atque omnis aliquam repellendus eveniet dolorum occaecati dignissimos.',185,56,2,33,'2020-12-22 18:10:58','2020-12-22 22:22:00'),(126,'	СургутНГ	','	SNGS	',6,252,5,1,'Consectetur ipsa pariatur rerum quam et ab possimus. Expedita dolorem sed quo ab eos ipsum. Ut dolorem quia eum ad. Hic quod ut illum enim mollitia.',149,75,47,49,'2020-12-22 18:10:58','2020-12-22 22:22:00'),(127,'	СургутНГ пр.	','	SNGSP	',6,115,3,7,'Et saepe sed aut vel et aut. Delectus enim magni labore repudiandae. Et dolorum aut non.',191,9,28,44,'2020-12-22 18:10:58','2020-12-22 22:22:00'),(128,'	Татнефть	','	TATN	',4,73,5,7,'Labore inventore voluptas quod ut tenetur est. Cupiditate eos et quis suscipit. Ea in impedit laboriosam sunt eum ut.',90,18,1,73,'2020-12-22 18:10:58','2020-12-22 22:22:00'),(129,'	Татнефть пр.	','	TATNP	',3,19,5,2,'Sit facere nihil maiores aspernatur sequi odio. Aliquid voluptas excepturi ea suscipit enim qui delectus. Eum nostrum incidunt ratione similique voluptatibus consequatur.',85,63,17,34,'2020-12-22 18:10:58','2020-12-22 22:22:00'),(130,'	Таттелеком	','	TTLK	',6,131,1,2,'Amet sunt qui repudiandae repudiandae itaque. Maxime enim repudiandae est saepe nostrum vitae et. Assumenda aspernatur earum nisi voluptate deserunt. Pariatur nihil dolor maiores minus placeat voluptatibus. Nisi qui a non.',156,61,84,51,'2020-12-22 18:10:58','2020-12-22 22:22:00'),(131,'	ТГК-1	','	TGKA	',4,89,4,4,'Nihil laudantium vitae rerum incidunt quas nesciunt voluptatem. Voluptatum rerum saepe quo vel labore. Molestiae quisquam voluptatem laboriosam pariatur consectetur.',105,16,66,50,'2020-12-22 18:10:58','2020-12-22 22:22:00'),(132,'	ТГК-14	','	TGKN	',2,51,5,6,'Aut velit eveniet distinctio et ducimus fugit reiciendis. Cum ut voluptatum sed illo nihil et quod. Iure et consectetur sint qui.',56,95,79,98,'2020-12-22 18:10:58','2020-12-22 22:22:00'),(133,'	ТГК-2	','	TGKB	',5,242,2,3,'Hic sapiente aut non ipsam illum nihil. Quia nobis voluptates occaecati. Voluptatem consequuntur non expedita omnis sunt. Suscipit aut fuga modi eum et aut fugit.',174,28,95,37,'2020-12-22 18:10:58','2020-12-22 22:22:00'),(134,'	ТГК-2 пр.	','	TGKBP	',4,37,5,4,'Eveniet aut dolorem omnis voluptas ipsam ullam. Deleniti minus iusto ipsam sint aliquam. Repellat est soluta sapiente maxime.',74,55,39,92,'2020-12-22 18:10:58','2020-12-22 22:22:00'),(135,'	ТМК	','	TRMK	',5,225,5,2,'Recusandae eaque aliquam laudantium consequatur tenetur blanditiis. Voluptas voluptatem non eius dolorem a quia. Modi ullam nihil nulla provident quos architecto est.',55,88,7,50,'2020-12-22 18:10:58','2020-12-22 22:22:00'),(136,'	ТНК-BP Холдинг	','	TNBP	',5,249,5,6,'Placeat fugit dolores beatae maxime quo recusandae. Rerum voluptas similique vel ratione. Omnis qui ea laudantium. Commodi corporis alias aut laborum dolores est eum.',54,74,20,72,'2020-12-22 18:10:58','2020-12-22 22:22:00'),(137,'	ТНК-BP Холдинг пр.	','	TNBPP	',3,57,4,3,'Rerum ipsum dolores illo beatae nesciunt eius. Nihil voluptatem illum maiores impedit. Exercitationem voluptates autem accusantium libero.',102,8,80,8,'2020-12-22 18:10:58','2020-12-22 22:22:00'),(138,'	Томская РК	','	TORS	',6,49,1,2,'Laborum consequatur quibusdam esse quis rerum. Placeat et nisi cupiditate assumenda quibusdam quos voluptas laborum. Quod dignissimos explicabo quaerat optio exercitationem omnis voluptatem aliquam. Recusandae debitis animi qui sunt soluta voluptate cumque.',142,17,36,27,'2020-12-22 18:10:58','2020-12-22 22:22:00'),(139,'	Транснефть пр.	','	TRNFP	',4,73,4,3,'Veritatis nostrum consequatur dicta omnis libero voluptatem. Rerum voluptatem sit dolorum nostrum.',193,61,41,8,'2020-12-22 18:10:58','2020-12-22 22:22:00'),(140,'	Тучковский КСМ	','	TUCH	',5,217,4,6,'Autem tenetur possimus numquam rem architecto impedit. Modi alias sit molestiae est beatae consequatur vel. Nostrum fuga et sint placeat enim harum.',119,52,98,59,'2020-12-22 18:10:58','2020-12-22 22:22:00'),(141,'	УРАЛСИБ Банк	','	USBN	',1,100,2,7,'Nihil et ut temporibus et adipisci. Eveniet qui commodi enim. Beatae facere mollitia aliquam ullam accusantium reprehenderit totam.',15,79,63,70,'2020-12-22 18:10:58','2020-12-22 22:22:00'),(142,'	Фармсинтез	','	LIFE	',1,103,2,2,'Eos eligendi sit et quisquam. Architecto assumenda inventore esse quae cum sint. Voluptatem consectetur non consequuntur odit dolorem. Dicta nobis deserunt sit eveniet alias tempora quidem.',137,37,24,74,'2020-12-22 18:10:58','2020-12-22 22:22:00'),(143,'	ФосАгро	','	PHOR	',4,217,3,2,'Inventore natus ut nihil. Doloremque sunt et illo voluptas voluptate possimus reiciendis. Expedita asperiores quos consequuntur tempora consequatur porro eaque.',10,49,28,59,'2020-12-22 18:10:58','2020-12-22 22:22:00'),(144,'	ФСК ЕЭС	','	FEES	',2,7,4,3,'Excepturi voluptas dolor at. Cumque minima amet eveniet. Id reiciendis ipsum occaecati odit. Nam iure beatae voluptates repellat iure pariatur ratione.',59,34,69,74,'2020-12-22 18:10:58','2020-12-22 22:22:00'),(145,'	ЦентрТелеграф пр.	','	CNTLP	',6,152,2,2,'Et ipsam id eligendi modi quas et. Unde rerum ut est perferendis. Ratione doloribus quia veniam assumenda quos quia rem excepturi.',54,22,59,93,'2020-12-22 18:10:58','2020-12-22 22:22:00'),(146,'	ЦМТ	','	WTCM	',3,225,1,6,'Aliquam qui libero aut. Omnis assumenda numquam ducimus qui. Ducimus atque facere magni aliquam est alias dolor. Quia quasi voluptas sit facere repellendus.',94,9,89,41,'2020-12-22 18:10:58','2020-12-22 22:22:00'),(147,'	ЦМТ пр.	','	WTCMP	',3,160,5,2,'Voluptas libero iure repudiandae cum dicta. Architecto laudantium debitis et tempora repellendus. Perspiciatis minus perferendis dolorem unde et rerum.',98,78,66,27,'2020-12-22 18:10:58','2020-12-22 22:22:00'),(148,'	Челябинский МК	','	CHMK	',6,125,4,7,'Aperiam est sequi perferendis nihil. Non eius et aspernatur doloribus consequatur corrupti voluptas maiores. Consequuntur voluptas corrupti suscipit suscipit.',205,62,62,9,'2020-12-22 18:10:58','2020-12-22 22:22:00'),(149,'	Черногорнефть	','	CHGZ	',1,145,1,6,'Distinctio veniam dicta voluptatem aut consequuntur. In natus ratione officiis sit.',107,77,13,65,'2020-12-22 18:10:58','2020-12-22 22:22:00'),(150,'	ЧЗПСН-Профнастил	','	PRFN	',1,95,1,1,'Et dolores accusantium et tenetur eligendi labore. Enim dolores vero iure natus. Fugit harum tenetur explicabo.',127,98,78,98,'2020-12-22 18:10:58','2020-12-22 22:22:00'),(151,'	Э.ОН Россия	','	EONR	',1,39,1,1,'Quia aut et possimus eos cupiditate. Eaque nostrum dolore ut quod. Minus qui modi sapiente consequatur cumque ab.',104,60,49,95,'2020-12-22 18:10:58','2020-12-22 22:22:00'),(152,'	Электроцинк	','	ELTZ	',3,166,3,4,'Nihil quidem rerum consectetur consequatur. Cum voluptates dignissimos provident sunt atque et. Omnis fugiat doloremque animi qui nostrum.',140,4,11,81,'2020-12-22 18:10:58','2020-12-22 22:22:00'),(153,'	Энел ОГК-5	','	OGKE	',2,203,3,6,'Et sit vel vitae excepturi harum nihil doloribus. Laudantium maiores in et et eligendi illum et nulla. Omnis ut sequi labore aspernatur et voluptas doloremque.',178,40,9,20,'2020-12-22 18:10:58','2020-12-22 22:22:00'),(154,'	Южный Кузбасс	','	UKUZ	',4,5,5,5,'Eum incidunt iste modi consequatur. Est omnis nesciunt architecto. Ut magni voluptates porro in. Hic consectetur quae qui possimus doloribus molestiae iusto quos.',51,88,11,54,'2020-12-22 18:10:58','2020-12-22 22:22:00'),(155,'	Южуралникель	','	UNKL	',5,179,5,6,'Ut id deleniti quia cupiditate rerum. Animi est id molestiae ullam. Ullam ut quos aliquid rerum.',139,21,29,12,'2020-12-22 18:10:58','2020-12-22 22:22:00'),(156,'	ЮТэйр	','	UTAR	',1,115,3,7,'Assumenda aut molestias alias reiciendis ipsam a. Et ad rerum in officiis incidunt atque ipsum. Quaerat aut quia aut tempore magnam voluptas.',125,38,10,97,'2020-12-22 18:10:58','2020-12-22 22:22:00'),(157,'	ЯкутскЭн	','	YKEN	',1,38,3,4,'Totam et optio perferendis commodi. Culpa totam id quod quam neque odit. Harum non ut id et et nam. Quod quia architecto sed. Modi voluptates et et nulla et est perferendis.',206,27,63,47,'2020-12-22 18:10:58','2020-12-22 22:22:00'),(158,'	ЯрославльЭнергоСбыт	','	YRSB	',6,99,4,5,'Iure voluptatem doloremque molestiae quia. Velit at rem temporibus libero possimus facilis. Ducimus tempore eligendi dolore perspiciatis sapiente debitis velit.',27,19,86,42,'2020-12-22 18:10:58','2020-12-22 22:22:00'),(159,'	Abbott Laboratories**	','	ABT	',6,128,4,4,'Eveniet rem qui enim at sed rerum rerum sunt. Molestiae eum ullam et modi impedit asperiores. Et neque qui incidunt cum assumenda ut rerum.',144,14,38,72,'2020-12-22 18:10:58','2020-12-22 22:22:00'),(160,'	Archer-Daniels-Midland Co	','	ADM	',4,86,2,4,'Hic sunt qui vel aut. Fugiat iusto quod ea magnam. Est vitae deleniti placeat sint aliquid. Velit ut ea iure mollitia beatae molestiae occaecati.',13,13,32,33,'2020-12-22 18:10:58','2020-12-22 22:22:00'),(161,'	Automatic Data Processing	','	ADP	',2,44,1,2,'Voluptatem corporis in rerum. Consequuntur deserunt quia hic voluptas aut et. Aspernatur asperiores quaerat incidunt ut voluptatem suscipit quisquam impedit.',50,24,48,49,'2020-12-22 18:10:58','2020-12-22 22:22:00'),(162,'	AFLAC Inc	','	AFL	',4,218,1,4,'Esse beatae et consectetur numquam. Qui quis voluptatibus ut ipsa minus et dolorem incidunt. Et adipisci unde culpa ad aperiam libero.',2,80,40,43,'2020-12-22 18:10:58','2020-12-22 22:22:00'),(163,'	Albemarle Corp.	','	ALB	',2,192,1,2,'Porro voluptas sapiente reiciendis quam molestiae ipsa velit. Iste illum facere saepe quaerat. Adipisci culpa qui aut cumque et officiis. Iure natus unde vel voluptas voluptatem voluptatem pariatur. Vel qui assumenda rerum nam.',68,26,57,69,'2020-12-22 18:10:58','2020-12-22 22:22:00'),(164,'	Amcor	','	AMCR	',2,49,5,2,'Doloribus occaecati ut blanditiis tempora praesentium omnis quo. Sint ratione et omnis repellendus voluptatem asperiores. Accusantium labore minus ut id veritatis. In possimus dolores magni neque eum commodi et.',124,90,63,14,'2020-12-22 18:10:58','2020-12-22 22:22:00'),(165,'	Smith A.O. Corp	','	AOS	',5,179,3,3,'Qui voluptates rerum omnis sapiente. Rerum et non eveniet labore quia dignissimos repudiandae. Perferendis dignissimos reprehenderit sit velit ut dolorem.',208,73,45,62,'2020-12-22 18:10:58','2020-12-22 22:22:00'),(166,'	Air Products & Chemicals Inc	','	APD	',1,239,5,3,'Accusamus tenetur ut sunt inventore. Molestiae alias laudantium vero laboriosam dicta quam unde assumenda.',39,95,35,67,'2020-12-22 18:10:58','2020-12-22 22:22:00'),(167,'	Atmos Энергетика	','	ATO	',2,146,1,7,'Excepturi nobis cum repellendus est dolorum laboriosam velit. Suscipit quia vitae consequuntur totam. Consequuntur odit voluptas eos perferendis reiciendis.',198,55,38,49,'2020-12-22 18:10:58','2020-12-22 22:22:00'),(168,'	Becton Dickinson & Co	','	BDX	',1,14,2,4,'Quis perspiciatis consectetur velit ut voluptates ea sunt. Fuga eveniet eos eligendi dolorem sint et eum.',37,90,85,44,'2020-12-22 18:10:58','2020-12-22 22:22:00'),(169,'	Franklin Resources Inc	','	BEN	',4,139,4,3,'Aperiam consequuntur totam aut blanditiis. Molestiae omnis quaerat et. Voluptatem tenetur eum aut ullam aut ut nihil perferendis. Officiis voluptas rerum enim ut vel.',9,84,9,71,'2020-12-22 18:10:58','2020-12-22 22:22:00'),(170,'	Brown-Forman Corp B	','	BF.B	',5,144,3,3,'Eaque impedit nihil enim qui. Voluptas sequi voluptas delectus qui et possimus sed. Ut similique rerum expedita id dolor consectetur. Eligendi esse a placeat quisquam at.',141,48,91,22,'2020-12-22 18:10:58','2020-12-22 22:22:00'),(171,'	Cardinal Health Inc	','	CAH	',6,47,2,5,'Voluptatem asperiores veniam consectetur quo cupiditate quae. Quo repellendus quasi rerum odio facilis dolor recusandae. Quae enim sit culpa consequatur.',50,89,28,98,'2020-12-22 18:10:58','2020-12-22 22:22:00'),(172,'	Caterpillar Inc	','	CAT	',2,56,4,2,'Impedit rerum voluptatem et vel qui alias unde. Deleniti magni ex itaque similique distinctio. Cumque quis expedita commodi eos alias.',37,2,67,24,'2020-12-22 18:10:58','2020-12-22 22:22:00'),(173,'	Chubb Ltd	','	CB	',5,139,1,3,'Labore eius nulla fugit aut voluptatem tempore voluptas. Accusamus ipsum magnam sint eius voluptate. Dolore quisquam nihil quod totam laudantium velit omnis.',32,42,49,25,'2020-12-22 18:10:58','2020-12-22 22:22:00'),(174,'	Cincinnati Financial Corp	','	CINF	',6,19,5,1,'Id illum qui similique adipisci mollitia necessitatibus voluptatem. Consequuntur id voluptate commodi aut sit accusamus. Totam ipsum quos aut cumque. Dolorum quis sunt adipisci omnis illum libero.',51,4,42,51,'2020-12-22 18:10:58','2020-12-22 22:22:00'),(175,'	Colgate-Palmolive Co	','	CL	',1,184,5,2,'Possimus rem alias dolor et optio non. Mollitia unde at tempora cum. Quis omnis laboriosam magni eum sunt.',158,92,64,79,'2020-12-22 18:10:58','2020-12-22 22:22:00'),(176,'	Clorox Co	','	CLX	',4,100,2,6,'Ut voluptas architecto assumenda debitis est at. In nihil expedita ut. Ut est laudantium earum quam qui sit et. Nesciunt expedita eligendi aut in nulla aut. Quasi incidunt occaecati voluptatem omnis neque.',10,49,92,42,'2020-12-22 18:10:58','2020-12-22 22:22:00'),(177,'	Cintas Corp	','	CTAS	',4,200,4,3,'Non magnam voluptates rerum expedita doloribus eum sit voluptatem. Inventore non sed nesciunt fugiat qui. Optio pariatur et maxime enim.',203,67,71,71,'2020-12-22 18:10:58','2020-12-22 22:22:00'),(178,'	PBCT	','	CVX	',1,193,2,2,'Fuga odit omnis vitae omnis vel. Saepe magnam est sequi saepe itaque. Aliquam officia natus deleniti ut dolore sequi.',148,89,75,30,'2020-12-22 18:10:58','2020-12-22 22:22:00'),(179,'	Dover Corp	','	DOV	',5,106,5,1,'Quasi optio quidem aspernatur sed dolore aspernatur. Vel enim sequi vero corrupti doloribus non. Molestias repellendus ipsa sed est repellat.',131,43,61,37,'2020-12-22 18:10:58','2020-12-22 22:22:00'),(180,'	Ecolab Inc	','	ECL	',6,207,2,5,'Enim iste distinctio voluptas. Aliquam rem debitis voluptatem officiis eos sunt. Eum et rerum debitis quis quas repellat alias. Consequatur pariatur laudantium dicta nobis odit rem.',1,47,83,93,'2020-12-22 18:10:58','2020-12-22 22:22:00'),(181,'	Consolidated Edison Inc	','	ED	',6,208,4,7,'Beatae amet et porro optio. Dicta quas eos iusto cumque fuga. Et molestias reiciendis impedit omnis dolores sed. Totam eius minima labore vitae id assumenda ipsa.',30,8,28,53,'2020-12-22 18:10:58','2020-12-22 22:22:00'),(182,'	Emerson Electric Co	','	EMR	',2,162,5,7,'Rerum necessitatibus et tempora quasi. Quis et excepturi at quasi omnis enim. Est necessitatibus est aperiam. Inventore et qui vel sapiente id quia nulla sint.',145,96,94,85,'2020-12-22 18:10:58','2020-12-22 22:22:00'),(183,'	Essex Property Trust	','	ESS	',2,184,3,1,'Dolores explicabo quia a. Officia tempore et quia voluptatem blanditiis consequatur a. Aut voluptate impedit facilis sunt perspiciatis vel.',6,57,82,67,'2020-12-22 18:10:58','2020-12-22 22:22:00'),(184,'	Expeditors International	','	EXPD	',4,180,1,2,'Rerum ducimus odio dolorem dolorum harum et. Omnis omnis quia eius. Sint corrupti expedita nihil tenetur reiciendis. Odit dolorem explicabo iste qui nulla.',16,98,30,79,'2020-12-22 18:10:58','2020-12-22 22:22:00'),(185,'	Federal Realty Invt Trust	','	FRT	',2,93,3,6,'Autem et porro occaecati dolore cumque. Assumenda eligendi voluptates dolorem. Saepe et porro cum suscipit ut.',58,16,3,95,'2020-12-22 18:10:58','2020-12-22 22:22:00'),(186,'	General Dynamics	','	GD	',2,178,1,3,'Qui aliquid repellendus deleniti ut aut adipisci voluptatum. In eos in et dolores. Impedit temporibus at fuga consequatur illo laborum. Eum voluptate rerum illum sint repellendus aut expedita.',35,86,23,38,'2020-12-22 18:10:58','2020-12-22 22:22:00'),(187,'	Genuine Parts Co	','	GPC	',3,103,4,5,'Eligendi ea sint cumque unde. Omnis ut voluptatem similique libero. Ut corrupti quam libero debitis rerum. Dolores quia quia ut est corporis voluptatum.',209,83,6,5,'2020-12-22 18:10:58','2020-12-22 22:22:00'),(188,'	Grainger W.W. Inc	','	GWW	',3,233,4,2,'Qui non placeat dignissimos. Sunt esse vero magni consequatur odit tenetur. Ut nisi deserunt perspiciatis alias et sed.',104,57,60,8,'2020-12-22 18:10:58','2020-12-22 22:22:00'),(189,'	Hormel Foods Corp	','	HRL	',5,93,2,6,'Enim excepturi veniam sit rerum dignissimos perspiciatis fugiat nobis. Sunt dolorem laboriosam assumenda. Accusantium cupiditate debitis molestiae deleniti deleniti.',102,36,84,26,'2020-12-22 18:10:58','2020-12-22 22:22:00'),(190,'	Illinois Tool Works Inc	','	ITW	',4,20,5,4,'Iusto id amet nihil sint cum quis omnis sapiente. Autem exercitationem itaque ducimus mollitia voluptatum quo quisquam. Voluptatibus quia eius est recusandae modi officia corrupti ullam. Odit et qui quo nobis.',198,9,38,5,'2020-12-22 18:10:58','2020-12-22 22:22:00'),(191,'	Johnson & Johnson	','	JNJ	',3,77,5,6,'Sint ipsum quia molestiae aut illum libero dolorum. Doloremque fugiat consectetur reprehenderit dolores veniam non. Sequi sit nobis aut eos est fugit velit excepturi.',58,36,39,46,'2020-12-22 18:10:58','2020-12-22 22:22:00'),(192,'	Kimberly-Clark	','	KMB	',5,69,5,7,'Omnis voluptas numquam reiciendis et qui nesciunt. Impedit repellat esse voluptatem magnam deserunt. Labore officia impedit minus sunt ut commodi.',111,51,79,16,'2020-12-22 18:10:58','2020-12-22 22:22:00'),(193,'	Coca-Cola Co	','	KO	',2,112,5,6,'Numquam veritatis omnis delectus. Quam repellat nesciunt itaque et debitis quisquam. Odit quae voluptates tempora vel veritatis earum. Quae eos ad ipsum nulla cumque aut.',172,49,80,40,'2020-12-22 18:10:58','2020-12-22 22:22:00'),(194,'	Leggett & Platt	','	LEG	',6,97,4,5,'Debitis fugit velit rerum aliquam incidunt impedit. Et consequatur doloremque et id maxime dolorem corporis sed. Excepturi cum voluptates ut adipisci cupiditate iure. Aliquam debitis autem praesentium quia voluptatem est in.',110,90,59,52,'2020-12-22 18:10:58','2020-12-22 22:22:00'),(195,'	Linde plc	','	LIN	',1,151,4,5,'Soluta consequatur reiciendis voluptatem ut ab consequatur dignissimos in. Voluptas aliquid quam voluptate dolorum. Qui sint et voluptatibus ea eos ea. Dolores suscipit dolores nihil.',34,4,56,39,'2020-12-22 18:10:58','2020-12-22 22:22:00'),(196,'	Lowe’s Cos Inc	','	LOW	',3,209,3,2,'Nisi a magnam nihil molestias. Sequi reiciendis debitis saepe. Veniam cupiditate deserunt ut explicabo aut. Autem reiciendis natus sed autem doloribus saepe deleniti. Aut similique non ipsa et non aut architecto.',46,48,4,39,'2020-12-22 18:10:58','2020-12-22 22:22:00'),(197,'	McDonald’s Corp	','	MCD	',1,79,4,4,'Cum eligendi laborum placeat culpa sint numquam. Repellendus commodi deleniti velit saepe. Ducimus quae fugit omnis quibusdam. Iste quidem dolores aut nostrum.',129,30,52,79,'2020-12-22 18:10:58','2020-12-22 22:22:00'),(198,'	Medtronic plc	','	MDT	',1,25,3,3,'Dolore blanditiis nemo reiciendis a voluptas rerum. Deserunt illum quas in quisquam minima dignissimos impedit. Illo aut et vel omnis error ea. Et numquam ea nobis dignissimos ut incidunt consequuntur.',88,3,48,78,'2020-12-22 18:10:58','2020-12-22 22:22:00'),(199,'	McCormick & Co	','	MKC	',6,144,2,4,'Quia mollitia aperiam earum aut repudiandae magnam repudiandae. Ut deserunt repellat dignissimos quasi qui sit et aut. Velit laborum aut maiores voluptatem rem quas qui est.',54,25,81,50,'2020-12-22 18:10:58','2020-12-22 22:22:00'),(200,'	3M Co	','	MMM	',4,131,3,3,'Fugit nulla deserunt et autem labore rem. Aliquam delectus odio incidunt distinctio sint dolorem numquam. Blanditiis sit sunt nulla dolor architecto necessitatibus ratione.',4,17,60,17,'2020-12-22 18:10:58','2020-12-22 22:22:00'),(201,'	Nucor Corp	','	NUE	',6,222,2,5,'Vel ipsa quibusdam dolores ut qui molestiae cumque iste. Voluptatem quidem placeat consequuntur cum nihil qui ipsum.',67,8,56,35,'2020-12-22 18:10:58','2020-12-22 22:22:00'),(202,'	Realty Income Corp.	','	O	',2,209,3,5,'Commodi sapiente perspiciatis qui ab est. Voluptate debitis quis corrupti qui ratione nobis sequi. Vitae voluptas sequi quia quasi quod atque sunt.',115,88,99,25,'2020-12-22 18:10:58','2020-12-22 22:22:00'),(203,'	People’s United Financial	','	PBCT	',4,125,2,5,'Et facilis sint quidem voluptatem ullam dolor dolore. Commodi est ut perferendis dolores sunt adipisci. Molestiae quo quia rem quisquam. Asperiores similique ut suscipit modi error occaecati.',164,17,26,18,'2020-12-22 18:10:58','2020-12-22 22:22:00'),(204,'	PepsiCo Inc	','	PEP	',4,249,5,2,'Enim sed qui dolor aut dolores aut inventore. At sunt aut labore eum. Fuga alias placeat sed consequatur rerum perferendis dolores. Quo et et eius ut neque nostrum.',58,18,32,14,'2020-12-22 18:10:58','2020-12-22 22:22:00'),(205,'	Procter & Gamble	','	PG	',4,108,3,2,'Vel voluptate accusantium sunt exercitationem repudiandae consequatur. Vero pariatur non repellendus mollitia neque. Aut maxime quas est quod vel ut qui.',4,39,85,16,'2020-12-22 18:10:58','2020-12-22 22:22:00'),(206,'	Pentair PLC	','	PNR	',2,45,1,3,'Voluptas non sit rem doloribus. Nulla eius pariatur dicta consequuntur. Nesciunt porro ut et non. Laudantium quis exercitationem consequatur perferendis aliquid est quis et.',55,42,25,37,'2020-12-22 18:10:58','2020-12-22 22:22:00'),(207,'	PPG Industries Inc	','	PPG	',5,156,3,1,'Qui a non labore quaerat voluptatem. Consequatur dolor non harum dicta saepe. Vero officiis culpa mollitia.',52,93,70,38,'2020-12-22 18:10:58','2020-12-22 22:22:00'),(208,'	Roper Technologies, Inc	','	ROP	',3,135,5,4,'Quibusdam ut necessitatibus esse doloribus. Hic deserunt harum provident in. Voluptatum recusandae laborum magnam sit accusantium. Accusantium animi velit dicta quasi.',95,38,76,78,'2020-12-22 18:10:58','2020-12-22 22:22:00'),(209,'	Ross Stores Inc.	','	ROST	',3,204,3,2,'Ex ut ea quis necessitatibus. Quod nisi hic quaerat cum non. Omnis architecto est accusamus aut officia ut. Enim quis quaerat et illo dignissimos sapiente.',111,9,67,74,'2020-12-22 18:10:58','2020-12-22 22:22:00');
/*!40000 ALTER TABLE `instruments` ENABLE KEYS */;
UNLOCK TABLES;

--
-- Table structure for table `ipos_users`
--

DROP TABLE IF EXISTS `ipos_users`;
/*!40101 SET @saved_cs_client     = @@character_set_client */;
/*!50503 SET character_set_client = utf8mb4 */;
CREATE TABLE `ipos_users` (
  `calendar_ipo_id` int unsigned NOT NULL COMMENT 'Ссылка на ipo',
  `user_id` bigint unsigned NOT NULL COMMENT 'Ссылка на пользователя',
  `status_request_id` int unsigned NOT NULL COMMENT 'Статус запроса к ipo',
  `created_at` datetime DEFAULT CURRENT_TIMESTAMP COMMENT 'Время создания строки',
  `updated_at` datetime DEFAULT CURRENT_TIMESTAMP ON UPDATE CURRENT_TIMESTAMP COMMENT 'Время обновления строки',
  PRIMARY KEY (`calendar_ipo_id`,`user_id`) COMMENT 'Составной первичный ключ',
  KEY `ipos_users_user_id_fk` (`user_id`),
  KEY `ipos_users_status_request_id_fk` (`status_request_id`),
  CONSTRAINT `ipos_users_calendar_ipo_id_fk` FOREIGN KEY (`calendar_ipo_id`) REFERENCES `calendar_ipos` (`id`),
  CONSTRAINT `ipos_users_status_request_id_fk` FOREIGN KEY (`status_request_id`) REFERENCES `status_requests` (`id`),
  CONSTRAINT `ipos_users_user_id_fk` FOREIGN KEY (`user_id`) REFERENCES `users` (`id`)
) ENGINE=InnoDB DEFAULT CHARSET=utf8mb4 COLLATE=utf8mb4_0900_ai_ci COMMENT='связь между пользователями и его запросом ipo';
/*!40101 SET character_set_client = @saved_cs_client */;

--
-- Dumping data for table `ipos_users`
--

LOCK TABLES `ipos_users` WRITE;
/*!40000 ALTER TABLE `ipos_users` DISABLE KEYS */;
INSERT INTO `ipos_users` VALUES (1,44,2,'2020-12-22 20:12:53','2020-12-22 23:13:56'),(2,54,1,'2020-12-22 20:12:53','2020-12-22 23:13:56'),(3,21,1,'2020-12-22 20:12:53','2020-12-22 23:13:56'),(3,37,2,'2020-12-22 20:12:53','2020-12-22 23:13:56'),(4,96,2,'2020-12-22 20:12:53','2020-12-22 23:13:56'),(7,14,2,'2020-12-22 20:12:53','2020-12-22 23:13:56'),(8,65,2,'2020-12-22 20:12:53','2020-12-22 23:13:56'),(8,81,2,'2020-12-22 20:12:53','2020-12-22 23:13:56'),(9,11,1,'2020-12-22 20:12:53','2020-12-22 23:13:56'),(9,81,1,'2020-12-22 20:12:53','2020-12-22 23:13:56'),(11,9,1,'2020-12-22 20:12:53','2020-12-22 23:13:56'),(11,13,1,'2020-12-22 20:12:53','2020-12-22 23:13:56'),(12,37,1,'2020-12-22 20:12:53','2020-12-22 23:13:56'),(12,45,2,'2020-12-22 20:12:53','2020-12-22 23:13:56'),(15,12,1,'2020-12-22 20:12:53','2020-12-22 23:13:56'),(15,26,2,'2020-12-22 20:12:53','2020-12-22 23:13:56'),(15,94,2,'2020-12-22 20:12:53','2020-12-22 23:13:56'),(16,90,1,'2020-12-22 20:12:53','2020-12-22 23:13:56'),(18,68,2,'2020-12-22 20:12:53','2020-12-22 23:13:56'),(21,70,1,'2020-12-22 20:12:53','2020-12-22 23:13:56'),(23,24,2,'2020-12-22 20:12:53','2020-12-22 23:13:56'),(23,47,2,'2020-12-22 20:12:53','2020-12-22 23:13:56'),(24,13,2,'2020-12-22 20:12:53','2020-12-22 23:13:56'),(24,35,1,'2020-12-22 20:12:53','2020-12-22 23:13:56'),(24,36,1,'2020-12-22 20:12:53','2020-12-22 23:13:56'),(24,75,2,'2020-12-22 20:12:53','2020-12-22 23:13:56'),(24,77,2,'2020-12-22 20:12:53','2020-12-22 23:13:56'),(25,10,2,'2020-12-22 20:12:53','2020-12-22 23:13:56'),(25,67,1,'2020-12-22 20:12:53','2020-12-22 23:13:56'),(27,46,1,'2020-12-22 20:12:53','2020-12-22 23:13:56'),(29,99,1,'2020-12-22 20:12:53','2020-12-22 23:13:56'),(30,59,1,'2020-12-22 20:12:53','2020-12-22 23:13:56'),(30,95,1,'2020-12-22 20:12:53','2020-12-22 23:13:56'),(31,13,1,'2020-12-22 20:12:53','2020-12-22 23:13:56'),(31,100,2,'2020-12-22 20:12:53','2020-12-22 23:13:56'),(32,67,2,'2020-12-22 20:12:53','2020-12-22 23:13:56'),(33,63,1,'2020-12-22 20:12:53','2020-12-22 23:13:56'),(33,93,1,'2020-12-22 20:12:53','2020-12-22 23:13:56'),(35,24,1,'2020-12-22 20:12:53','2020-12-22 23:13:56'),(35,36,2,'2020-12-22 20:12:53','2020-12-22 23:13:56'),(35,38,2,'2020-12-22 20:12:53','2020-12-22 23:13:56'),(35,89,1,'2020-12-22 20:12:53','2020-12-22 23:13:56'),(38,6,1,'2020-12-22 20:12:53','2020-12-22 23:13:56'),(40,56,2,'2020-12-22 20:12:53','2020-12-22 23:13:56'),(41,62,1,'2020-12-22 20:12:53','2020-12-22 23:13:56'),(44,41,1,'2020-12-22 20:12:53','2020-12-22 23:13:56'),(45,19,1,'2020-12-22 20:12:53','2020-12-22 23:13:56'),(47,73,2,'2020-12-22 20:12:53','2020-12-22 23:13:56'),(48,6,1,'2020-12-22 20:12:53','2020-12-22 23:13:56'),(49,10,2,'2020-12-22 20:12:53','2020-12-22 23:13:56'),(49,34,1,'2020-12-22 20:12:53','2020-12-22 23:13:56'),(50,37,2,'2020-12-22 20:12:53','2020-12-22 23:13:56'),(51,14,1,'2020-12-22 20:12:53','2020-12-22 23:13:56'),(51,85,2,'2020-12-22 20:12:53','2020-12-22 23:13:56'),(52,12,2,'2020-12-22 20:12:53','2020-12-22 23:13:56'),(52,20,1,'2020-12-22 20:12:53','2020-12-22 23:13:56'),(52,46,2,'2020-12-22 20:12:53','2020-12-22 23:13:56'),(52,61,1,'2020-12-22 20:12:53','2020-12-22 23:13:56'),(54,48,1,'2020-12-22 20:12:53','2020-12-22 23:13:56'),(54,98,2,'2020-12-22 20:12:53','2020-12-22 23:13:56'),(57,44,1,'2020-12-22 20:12:53','2020-12-22 23:13:56'),(57,48,1,'2020-12-22 20:12:53','2020-12-22 23:13:56'),(59,77,2,'2020-12-22 20:12:53','2020-12-22 23:13:56'),(60,53,1,'2020-12-22 20:12:53','2020-12-22 23:13:56'),(61,11,1,'2020-12-22 20:12:53','2020-12-22 23:13:56'),(61,18,1,'2020-12-22 20:12:53','2020-12-22 23:13:56'),(61,34,1,'2020-12-22 20:12:53','2020-12-22 23:13:56'),(61,50,2,'2020-12-22 20:12:53','2020-12-22 23:13:56'),(62,39,1,'2020-12-22 20:12:53','2020-12-22 23:13:56'),(62,42,2,'2020-12-22 20:12:53','2020-12-22 23:13:56'),(63,92,1,'2020-12-22 20:12:53','2020-12-22 23:13:56'),(64,31,1,'2020-12-22 20:12:53','2020-12-22 23:13:56'),(67,82,2,'2020-12-22 20:12:53','2020-12-22 23:13:56'),(68,14,1,'2020-12-22 20:12:53','2020-12-22 23:13:56'),(69,23,2,'2020-12-22 20:12:53','2020-12-22 23:13:56'),(70,4,2,'2020-12-22 20:12:53','2020-12-22 23:13:56'),(70,75,1,'2020-12-22 20:12:53','2020-12-22 23:13:56'),(71,93,1,'2020-12-22 20:12:53','2020-12-22 23:13:56'),(72,56,1,'2020-12-22 20:12:53','2020-12-22 23:13:56'),(74,98,1,'2020-12-22 20:12:53','2020-12-22 23:13:56'),(75,21,1,'2020-12-22 20:12:53','2020-12-22 23:13:56'),(76,11,2,'2020-12-22 20:12:53','2020-12-22 23:13:56'),(76,16,1,'2020-12-22 20:12:53','2020-12-22 23:13:56'),(76,17,2,'2020-12-22 20:12:53','2020-12-22 23:13:56'),(76,90,2,'2020-12-22 20:12:53','2020-12-22 23:13:56'),(77,29,1,'2020-12-22 20:12:53','2020-12-22 23:13:56'),(81,96,2,'2020-12-22 20:12:53','2020-12-22 23:13:56'),(86,94,2,'2020-12-22 20:12:53','2020-12-22 23:13:56'),(87,81,2,'2020-12-22 20:12:53','2020-12-22 23:13:56'),(88,21,1,'2020-12-22 20:12:53','2020-12-22 23:13:56'),(88,64,1,'2020-12-22 20:12:53','2020-12-22 23:13:56'),(89,55,2,'2020-12-22 20:12:53','2020-12-22 23:13:56'),(91,43,1,'2020-12-22 20:12:53','2020-12-22 23:13:56'),(91,82,2,'2020-12-22 20:12:53','2020-12-22 23:13:56'),(92,70,1,'2020-12-22 20:12:53','2020-12-22 23:13:56'),(93,19,1,'2020-12-22 20:12:53','2020-12-22 23:13:56'),(94,87,1,'2020-12-22 20:12:53','2020-12-22 23:13:56'),(95,76,1,'2020-12-22 20:12:53','2020-12-22 23:13:56'),(97,20,1,'2020-12-22 20:12:53','2020-12-22 23:13:56'),(97,70,2,'2020-12-22 20:12:53','2020-12-22 23:13:56');
/*!40000 ALTER TABLE `ipos_users` ENABLE KEYS */;
UNLOCK TABLES;

--
-- Table structure for table `markets`
--

DROP TABLE IF EXISTS `markets`;
/*!40101 SET @saved_cs_client     = @@character_set_client */;
/*!50503 SET character_set_client = utf8mb4 */;
CREATE TABLE `markets` (
  `id` int unsigned NOT NULL AUTO_INCREMENT COMMENT 'Индификатор строки',
  `market_name` varchar(100) NOT NULL COMMENT 'Название рынка',
  `created_at` datetime DEFAULT CURRENT_TIMESTAMP COMMENT 'Время создания строки',
  `updated_at` datetime DEFAULT CURRENT_TIMESTAMP ON UPDATE CURRENT_TIMESTAMP COMMENT 'Время обновления строки',
  PRIMARY KEY (`id`),
  UNIQUE KEY `id` (`id`)
) ENGINE=InnoDB AUTO_INCREMENT=6 DEFAULT CHARSET=utf8mb4 COLLATE=utf8mb4_0900_ai_ci COMMENT='Список бирж';
/*!40101 SET character_set_client = @saved_cs_client */;

--
-- Dumping data for table `markets`
--

LOCK TABLES `markets` WRITE;
/*!40000 ALTER TABLE `markets` DISABLE KEYS */;
INSERT INTO `markets` VALUES (1,'Фондовый рынок РФ','2020-12-22 22:23:01','2020-12-22 22:23:01'),(2,'Срочный рынок РФ','2020-12-22 22:23:01','2020-12-22 22:23:01'),(3,'Валютный рынок РФ','2020-12-22 22:23:01','2020-12-22 22:23:01'),(4,'Фондовый рынок США','2020-12-22 22:23:01','2020-12-22 22:23:01'),(5,'Срочный рынок США','2020-12-22 22:23:01','2020-12-22 22:23:01');
/*!40000 ALTER TABLE `markets` ENABLE KEYS */;
UNLOCK TABLES;

--
-- Table structure for table `news`
--

DROP TABLE IF EXISTS `news`;
/*!40101 SET @saved_cs_client     = @@character_set_client */;
/*!50503 SET character_set_client = utf8mb4 */;
CREATE TABLE `news` (
  `id` bigint unsigned NOT NULL AUTO_INCREMENT COMMENT 'Индификатор строки',
  `description_news` text COMMENT 'Описание новости',
  `status_news_id` int unsigned NOT NULL COMMENT 'Статус новости',
  `author_news_id` int unsigned NOT NULL COMMENT 'Автор публикации',
  `resource_news_id` int unsigned NOT NULL COMMENT 'Источник публикации',
  `created_at` datetime DEFAULT CURRENT_TIMESTAMP COMMENT 'Время создания строки',
  `updated_at` datetime DEFAULT CURRENT_TIMESTAMP ON UPDATE CURRENT_TIMESTAMP COMMENT 'Время обновления строки',
  PRIMARY KEY (`id`),
  UNIQUE KEY `id` (`id`),
  KEY `news_status_news_id_fk` (`status_news_id`),
  KEY `news_author_news_id_fk` (`author_news_id`),
  KEY `news_resource_news_id_fk` (`resource_news_id`),
  CONSTRAINT `news_author_news_id_fk` FOREIGN KEY (`author_news_id`) REFERENCES `author_news` (`id`),
  CONSTRAINT `news_resource_news_id_fk` FOREIGN KEY (`resource_news_id`) REFERENCES `resource_news` (`id`),
  CONSTRAINT `news_status_news_id_fk` FOREIGN KEY (`status_news_id`) REFERENCES `status_news` (`id`)
) ENGINE=InnoDB AUTO_INCREMENT=101 DEFAULT CHARSET=utf8mb4 COLLATE=utf8mb4_0900_ai_ci COMMENT='Новости по инструменту';
/*!40101 SET character_set_client = @saved_cs_client */;

--
-- Dumping data for table `news`
--

LOCK TABLES `news` WRITE;
/*!40000 ALTER TABLE `news` DISABLE KEYS */;
INSERT INTO `news` VALUES (1,'Gryphon replied very solemnly. Alice was so full of soup. \'There\'s certainly too much pepper in that ridiculous fashion.\' And he added in a great thistle, to keep herself from being broken. She.',1,23,4,'2020-12-22 19:47:10','2020-12-22 22:48:05'),(2,'Mock Turtle with a T!\' said the Mouse. \'--I proceed. \"Edwin and Morcar, the earls of Mercia and Northumbria--\"\' \'Ugh!\' said the others. \'Are their heads off?\' shouted the Queen, tossing her head in.',4,37,8,'2020-12-22 19:47:10','2020-12-22 22:48:05'),(3,'Alice to herself, for she was losing her temper. \'Are you content now?\' said the Dodo solemnly, rising to its children, \'Come away, my dears! It\'s high time you were me?\' \'Well, perhaps your.',2,15,3,'2020-12-22 19:47:10','2020-12-22 22:48:05'),(4,'Alice remarked. \'Oh, you foolish Alice!\' she answered herself. \'How can you learn lessons in the world! Oh, my dear Dinah! I wonder what I say,\' the Mock Turtle. So she was playing against herself,.',3,13,6,'2020-12-22 19:47:10','2020-12-22 22:48:05'),(5,'I\'ve been changed for Mabel! I\'ll try and say \"Who am I to do with you. Mind now!\' The poor little feet, I wonder who will put on his slate with one finger; and the second thing is to find that she.',4,22,5,'2020-12-22 19:47:10','2020-12-22 22:48:05'),(6,'Duchess, it had come to the little golden key, and when she looked back once or twice, half hoping that they had to double themselves up and went stamping about, and crept a little nervous about.',2,20,8,'2020-12-22 19:47:10','2020-12-22 22:48:05'),(7,'Alice, that she could get away without speaking, but at the great hall, with the edge with each hand. \'And now which is which?\' she said to herself; \'the March Hare went on. \'Or would you like the.',1,35,11,'2020-12-22 19:47:10','2020-12-22 22:48:05'),(8,'After a while she ran, as well say that \"I see what would be worth the trouble of getting up and repeat \"\'TIS THE VOICE OF THE SLUGGARD,\"\' said the sage, as he spoke, and then the Rabbit\'s little.',2,12,8,'2020-12-22 19:47:10','2020-12-22 22:48:05'),(9,'Off--\' \'Nonsense!\' said Alice, timidly; \'some of the house!\' (Which was very uncomfortable, and, as there was nothing on it were nine o\'clock in the beautiful garden, among the party. Some of the.',4,3,7,'2020-12-22 19:47:10','2020-12-22 22:48:05'),(10,'And in she went. Once more she found this a good way off, panting, with its legs hanging down, but generally, just as well say this), \'to go on for some minutes. Alice thought she might as well as I.',1,32,8,'2020-12-22 19:47:10','2020-12-22 22:48:05'),(11,'Alice did not like the look of it in time,\' said the Mouse. \'--I proceed. \"Edwin and Morcar, the earls of Mercia and Northumbria--\"\' \'Ugh!\' said the King. Here one of the suppressed guinea-pigs,.',2,50,8,'2020-12-22 19:47:10','2020-12-22 22:48:05'),(12,'I shan\'t! YOU do it!--That I won\'t, then!--Bill\'s to go down--Here, Bill! the master says you\'re to go down the middle, being held up by two guinea-pigs, who were giving it a little startled when.',3,1,3,'2020-12-22 19:47:10','2020-12-22 22:48:05'),(13,'Alice! It was high time to hear the very tones of her head made her so savage when they hit her; and when she next peeped out the verses the White Rabbit, trotting slowly back to the general.',2,7,4,'2020-12-22 19:47:10','2020-12-22 22:48:05'),(14,'CHAPTER III. A Caucus-Race and a sad tale!\' said the Dormouse turned out, and, by the hedge!\' then silence, and then said, \'It was a table, with a growl, And concluded the banquet--] \'What IS a.',1,30,10,'2020-12-22 19:47:10','2020-12-22 22:48:05'),(15,'Caterpillar\'s making such VERY short remarks, and she walked up towards it rather timidly, as she was beginning to think that proved it at all. \'But perhaps he can\'t help it,\' said Alice in a loud,.',1,27,1,'2020-12-22 19:47:10','2020-12-22 22:48:05'),(16,'King put on his spectacles and looked at poor Alice, that she knew that it made no mark; but he could go. Alice took up the little dears came jumping merrily along hand in hand, in couples: they.',3,45,11,'2020-12-22 19:47:10','2020-12-22 22:48:05'),(17,'Gryphon in an impatient tone: \'explanations take such a neck as that! No, no! You\'re a serpent; and there\'s no name signed at the top of it. She stretched herself up on to her head, and she jumped.',3,46,4,'2020-12-22 19:47:10','2020-12-22 22:48:05'),(18,'I think?\' \'I had NOT!\' cried the Gryphon, sighing in his note-book, cackled out \'Silence!\' and read out from his book, \'Rule Forty-two. ALL PERSONS MORE THAN A MILE HIGH TO LEAVE THE COURT.\'.',3,41,11,'2020-12-22 19:47:10','2020-12-22 22:48:05'),(19,'Mouse, sharply and very soon finished off the fire, stirring a large rabbit-hole under the window, and some of them attempted to explain the mistake it had no idea what to say \'I once tasted--\' but.',4,19,4,'2020-12-22 19:47:10','2020-12-22 22:48:05'),(20,'She had just begun to think about it, you know--\' (pointing with his head!\' or \'Off with his head!\"\' \'How dreadfully savage!\' exclaimed Alice. \'And where HAVE my shoulders got to? And oh, I wish you.',1,23,1,'2020-12-22 19:47:10','2020-12-22 22:48:05'),(21,'Alice replied eagerly, for she felt that she wanted much to know, but the Rabbit hastily interrupted. \'There\'s a great deal of thought, and looked anxiously over his shoulder with some difficulty,.',4,4,4,'2020-12-22 19:47:10','2020-12-22 22:48:05'),(22,'IV. The Rabbit Sends in a low, trembling voice. \'There\'s more evidence to come before that!\' \'Call the next witness!\' said the Cat: \'we\'re all mad here. I\'m mad. You\'re mad.\' \'How do you know I\'m.',1,3,6,'2020-12-22 19:47:10','2020-12-22 22:48:05'),(23,'So Alice got up in such a thing before, but she got back to my right size: the next witness.\' And he got up this morning? I almost wish I could say if I chose,\' the Duchess to play croquet.\' Then.',2,50,4,'2020-12-22 19:47:10','2020-12-22 22:48:05'),(24,'Do you think you might knock, and I shall remember it in time,\' said the Mock Turtle. \'Hold your tongue!\' said the Cat. \'Do you mean by that?\' said the Gryphon: \'I went to the little door: but,.',3,41,2,'2020-12-22 19:47:10','2020-12-22 22:48:05'),(25,'Mock Turtle replied; \'and then the Rabbit\'s voice; and the turtles all advance! They are waiting on the stairs. Alice knew it was not going to say,\' said the King: \'however, it may kiss my hand if.',3,6,8,'2020-12-22 19:47:10','2020-12-22 22:48:05'),(26,'I shan\'t grow any more--As it is, I can\'t tell you his history,\' As they walked off together, Alice heard the King put on her hand, and Alice looked down into a large cat which was lit up by two.',3,8,12,'2020-12-22 19:47:10','2020-12-22 22:48:05'),(27,'Alice. \'Oh, don\'t bother ME,\' said the King said to a lobster--\' (Alice began to say it over) \'--yes, that\'s about the right word) \'--but I shall have to fly; and the little golden key was lying on.',2,19,12,'2020-12-22 19:47:10','2020-12-22 22:48:05'),(28,'Pigeon; \'but if they do, why then they\'re a kind of serpent, that\'s all the creatures wouldn\'t be so stingy about it, you may stand down,\' continued the Gryphon. \'Do you take me for asking! No,.',3,21,9,'2020-12-22 19:47:10','2020-12-22 22:48:05'),(29,'Come on!\' \'Everybody says \"come on!\" here,\' thought Alice, \'and those twelve creatures,\' (she was so ordered about by mice and rabbits. I almost wish I could not taste theirs, and the Dormouse say?\'.',3,47,11,'2020-12-22 19:47:10','2020-12-22 22:48:05'),(30,'This question the Dodo solemnly, rising to its children, \'Come away, my dears! It\'s high time to see the Queen. \'Sentence first--verdict afterwards.\' \'Stuff and nonsense!\' said Alice aloud,.',4,21,12,'2020-12-22 19:47:10','2020-12-22 22:48:05'),(31,'I\'m a deal too flustered to tell them something more. \'You promised to tell them something more. \'You promised to tell its age, there was room for this, and Alice guessed in a deep sigh, \'I was a.',2,12,6,'2020-12-22 19:47:10','2020-12-22 22:48:05'),(32,'Oh, my dear Dinah! I wonder what CAN have happened to me! When I used to do:-- \'How doth the little door was shut again, and all that,\' said the Duchess, who seemed to follow, except a tiny little.',3,49,2,'2020-12-22 19:47:10','2020-12-22 22:48:05'),(33,'Mary Ann, what ARE you talking to?\' said the Cat; and this Alice would not stoop? Soup of the Lobster; I heard him declare, \"You have baked me too brown, I must go by the officers of the cattle in.',2,7,6,'2020-12-22 19:47:10','2020-12-22 22:48:05'),(34,'It sounded an excellent opportunity for repeating his remark, with variations. \'I shall sit here,\' the Footman remarked, \'till tomorrow--\' At this moment Alice felt a little way out of breath, and.',3,40,10,'2020-12-22 19:47:10','2020-12-22 22:48:05'),(35,'She said the King added in a hurried nervous manner, smiling at everything about her, to pass away the time. Alice had not a regular rule: you invented it just at first, but, after watching it a.',2,28,10,'2020-12-22 19:47:10','2020-12-22 22:48:05'),(36,'Mock Turtle, and to hear his history. I must have been changed for Mabel! I\'ll try if I shall be a letter, written by the whole party at once and put it right; \'not that it was indeed: she was going.',3,18,7,'2020-12-22 19:47:10','2020-12-22 22:48:05'),(37,'For instance, if you drink much from a bottle marked \'poison,\' so Alice went on, \'and most things twinkled after that--only the March Hare. The Hatter opened his eyes. He looked anxiously over his.',3,5,4,'2020-12-22 19:47:10','2020-12-22 22:48:05'),(38,'Alice very humbly: \'you had got so close to them, and just as well as she was in livery: otherwise, judging by his garden.\"\' Alice did not feel encouraged to ask any more questions about it, even if.',2,23,9,'2020-12-22 19:47:10','2020-12-22 22:48:05'),(39,'Queen furiously, throwing an inkstand at the Cat\'s head with great curiosity. \'Soles and eels, of course,\' said the Caterpillar. \'Well, I\'ve tried to beat them off, and had just upset the milk-jug.',3,47,10,'2020-12-22 19:47:10','2020-12-22 22:48:05'),(40,'Gryphon. \'It\'s all his fancy, that: he hasn\'t got no business of MINE.\' The Queen turned angrily away from him, and very angrily. \'A knot!\' said Alice, \'because I\'m not used to do:-- \'How doth the.',3,18,8,'2020-12-22 19:47:10','2020-12-22 22:48:05'),(41,'Alice)--\'and perhaps you were or might have been changed for any of them. \'I\'m sure I\'m not myself, you see.\' \'I don\'t know of any good reason, and as it was growing, and she crossed her hands up to.',4,46,1,'2020-12-22 19:47:10','2020-12-22 22:48:05'),(42,'Turtle.\' These words were followed by a very difficult game indeed. The players all played at once set to work very carefully, nibbling first at one corner of it: for she was now more than nine feet.',4,26,4,'2020-12-22 19:47:10','2020-12-22 22:48:05'),(43,'I\'m pleased, and wag my tail when I\'m angry. Therefore I\'m mad.\' \'I call it sad?\' And she began thinking over all she could do, lying down on her face brightened up again.) \'Please your Majesty,\'.',1,42,3,'2020-12-22 19:47:10','2020-12-22 22:48:05'),(44,'The Panther took pie-crust, and gravy, and meat, While the Owl and the executioner ran wildly up and ran the faster, while more and more sounds of broken glass, from which she had not gone (We know.',2,30,2,'2020-12-22 19:47:10','2020-12-22 22:48:05'),(45,'Alice said; \'there\'s a large ring, with the Dormouse. \'Don\'t talk nonsense,\' said Alice desperately: \'he\'s perfectly idiotic!\' And she began again. \'I should have liked teaching it tricks very much,.',1,26,2,'2020-12-22 19:47:10','2020-12-22 22:48:05'),(46,'I\'ve finished.\' So they had a vague sort of mixed flavour of cherry-tart, custard, pine-apple, roast turkey, toffee, and hot buttered toast,) she very good-naturedly began hunting about for a few.',4,37,2,'2020-12-22 19:47:10','2020-12-22 22:48:05'),(47,'Alice thoughtfully: \'but then--I shouldn\'t be hungry for it, you may nurse it a little bottle that stood near. The three soldiers wandered about in all directions, tumbling up against each other;.',1,6,3,'2020-12-22 19:47:10','2020-12-22 22:48:03'),(48,'Alice didn\'t think that there ought! And when I got up this morning, but I don\'t want to go! Let me see: I\'ll give them a new idea to Alice, she went slowly after it: \'I never could abide figures!\'.',3,18,10,'2020-12-22 19:47:10','2020-12-22 22:48:05'),(49,'Dormouse, without considering at all anxious to have wondered at this, she looked down into its face in her hands, and was going off into a cucumber-frame, or something of the way out of the pack,.',4,24,5,'2020-12-22 19:47:10','2020-12-22 22:48:05'),(50,'Mouse, frowning, but very politely: \'Did you say things are worse than ever,\' thought the poor little thing was snorting like a Jack-in-the-box, and up I goes like a star-fish,\' thought Alice. \'Now.',1,16,5,'2020-12-22 19:47:10','2020-12-22 22:48:05'),(51,'I used--and I don\'t like them!\' When the sands are all dry, he is gay as a last resource, she put it. She stretched herself up on to her ear, and whispered \'She\'s under sentence of execution.\' \'What.',2,8,10,'2020-12-22 19:47:10','2020-12-22 22:48:05'),(52,'Alice and all that,\' said the March Hare went on. \'We had the door that led into the sea, though you mayn\'t believe it--\' \'I never was so much surprised, that for two reasons. First, because I\'m on.',1,41,12,'2020-12-22 19:47:10','2020-12-22 22:48:05'),(53,'I\'m quite tired of sitting by her sister kissed her, and said, \'So you think you\'re changed, do you?\' \'I\'m afraid I am, sir,\' said Alice; \'you needn\'t be so proud as all that.\' \'With extras?\' asked.',2,30,4,'2020-12-22 19:47:10','2020-12-22 22:48:05'),(54,'Alice, \'we learned French and music.\' \'And washing?\' said the Pigeon. \'I\'m NOT a serpent!\' said Alice in a low voice, \'Your Majesty must cross-examine THIS witness.\' \'Well, if I must, I must,\' the.',1,26,6,'2020-12-22 19:47:10','2020-12-22 22:48:05'),(55,'Gryphon went on, \'that they\'d let Dinah stop in the same thing as a boon, Was kindly permitted to pocket the spoon: While the Panther were sharing a pie--\' [later editions continued as follows The.',2,39,9,'2020-12-22 19:47:10','2020-12-22 22:48:05'),(56,'After a time there could be no chance of her sister, as well to introduce some other subject of conversation. \'Are you--are you fond--of--of dogs?\' The Mouse looked at it, busily painting them red..',4,16,1,'2020-12-22 19:47:10','2020-12-22 22:48:05'),(57,'Alice began to repeat it, but her voice sounded hoarse and strange, and the blades of grass, but she gained courage as she couldn\'t answer either question, it didn\'t sound at all what had become of.',4,12,11,'2020-12-22 19:47:10','2020-12-22 22:48:05'),(58,'Mock Turtle in a Little Bill It was high time to see if she meant to take the roof of the thing at all. However, \'jury-men\' would have this cat removed!\' The Queen smiled and passed on. \'Who ARE you.',1,13,7,'2020-12-22 19:47:10','2020-12-22 22:48:05'),(59,'Mouse, sharply and very soon finished off the top of it. She felt that she began nibbling at the frontispiece if you hold it too long; and that is enough,\' Said his father; \'don\'t give yourself.',2,28,12,'2020-12-22 19:47:10','2020-12-22 22:48:05'),(60,'Dormouse was sitting on a little startled when she caught it, and fortunately was just saying to herself, \'it would have appeared to them to sell,\' the Hatter and the second verse of the other paw,.',3,49,4,'2020-12-22 19:47:10','2020-12-22 22:48:05'),(61,'Pray how did you begin?\' The Hatter was out of the door opened inwards, and Alice\'s elbow was pressed so closely against her foot, that there was a little while, however, she again heard a little.',2,10,8,'2020-12-22 19:47:10','2020-12-22 22:48:05'),(62,'I don\'t put my arm round your waist,\' the Duchess said to herself, as she leant against a buttercup to rest her chin upon Alice\'s shoulder, and it said in a large rabbit-hole under the door; so.',4,3,3,'2020-12-22 19:47:10','2020-12-22 22:48:05'),(63,'Involved in this affair, He trusts to you how it was her dream:-- First, she tried to curtsey as she did not answer, so Alice soon began talking again. \'Dinah\'ll miss me very much at first, the two.',3,34,12,'2020-12-22 19:47:10','2020-12-22 22:48:05'),(64,'The March Hare was said to herself. \'Shy, they seem to be\"--or if you\'d like it very hard indeed to make ONE respectable person!\' Soon her eye fell upon a little hot tea upon its forehead (the.',1,10,5,'2020-12-22 19:47:10','2020-12-22 22:48:05'),(65,'You know the way down one side and up I goes like a telescope! I think it was,\' the March Hare interrupted, yawning. \'I\'m getting tired of this. I vote the young lady to see if he would deny it too:.',4,46,2,'2020-12-22 19:47:10','2020-12-22 22:48:05'),(66,'I needn\'t be so easily offended, you know!\' The Mouse only shook its head impatiently, and said, \'It WAS a narrow escape!\' said Alice, feeling very curious to know when the White Rabbit, who said in.',3,3,3,'2020-12-22 19:47:10','2020-12-22 22:48:05'),(67,'Alice, and tried to speak, and no more to be found: all she could for sneezing. There was a different person then.\' \'Explain all that,\' said the Cat; and this Alice would not allow without knowing.',2,24,10,'2020-12-22 19:47:10','2020-12-22 22:48:05'),(68,'I shan\'t! YOU do it!--That I won\'t, then!--Bill\'s to go down the chimney!\' \'Oh! So Bill\'s got to come out among the trees, a little nervous about this; \'for it might be hungry, in which you usually.',4,11,5,'2020-12-22 19:47:10','2020-12-22 22:48:05'),(69,'Mock Turtle said: \'advance twice, set to work, and very soon finished off the cake. * * * * * * * * * CHAPTER II. The Pool of Tears \'Curiouser and curiouser!\' cried Alice in a hot tureen! Who for.',2,32,7,'2020-12-22 19:47:10','2020-12-22 22:48:05'),(70,'ALL RETURNED FROM HIM TO YOU,\"\' said Alice. \'I\'m glad they\'ve begun asking riddles.--I believe I can go back and see what would be of any one; so, when the race was over. However, when they liked,.',4,27,6,'2020-12-22 19:47:10','2020-12-22 22:48:05'),(71,'Five and Seven said nothing, but looked at the mushroom for a minute, nurse! But I\'ve got back to her: first, because the chimneys were shaped like ears and the second thing is to France-- Then turn.',4,37,10,'2020-12-22 19:47:10','2020-12-22 22:48:05'),(72,'Laughing and Grief, they used to say.\' \'So he did, so he with his knuckles. It was high time you were all crowded round her head. \'If I eat one of the day; and this was his first speech. \'You should.',2,5,8,'2020-12-22 19:47:10','2020-12-22 22:48:05'),(73,'The Rabbit Sends in a great hurry. \'You did!\' said the Mock Turtle went on in the middle of one! There ought to have wondered at this, she came in with a teacup in one hand, and made a rush at the.',1,13,10,'2020-12-22 19:47:10','2020-12-22 22:48:05'),(74,'Like a tea-tray in the trial one way of settling all difficulties, great or small. \'Off with his nose, you know?\' \'It\'s the first verse,\' said the King. \'When did you manage on the other.',3,48,2,'2020-12-22 19:47:10','2020-12-22 22:48:05'),(75,'Fish-Footman was gone, and the words don\'t FIT you,\' said the voice. \'Fetch me my gloves this moment!\' Then came a rumbling of little animals and birds waiting outside. The poor little thing sobbed.',2,50,3,'2020-12-22 19:47:10','2020-12-22 22:48:05'),(76,'Caterpillar. \'Well, perhaps your feelings may be ONE.\' \'One, indeed!\' said the Duchess; \'and the moral of THAT is--\"Take care of themselves.\"\' \'How fond she is of mine, the less there is of yours.\"\'.',2,9,6,'2020-12-22 19:47:10','2020-12-22 22:48:05'),(77,'Alice, as the March Hare. Alice was so long since she had tired herself out with trying, the poor animal\'s feelings. \'I quite agree with you,\' said the Dormouse; \'VERY ill.\' Alice tried to fancy to.',4,41,10,'2020-12-22 19:47:10','2020-12-22 22:48:05'),(78,'What happened to me! When I used to it!\' pleaded poor Alice. \'But you\'re so easily offended, you know!\' The Mouse did not appear, and after a few minutes to see the Mock Turtle. \'No, no! The.',1,28,9,'2020-12-22 19:47:10','2020-12-22 22:48:05'),(79,'Duck: \'it\'s generally a ridge or furrow in the sea, though you mayn\'t believe it--\' \'I never could abide figures!\' And with that she had never heard before, \'Sure then I\'m here! Digging for apples,.',3,15,3,'2020-12-22 19:47:10','2020-12-22 22:48:05'),(80,'CHAPTER IV. The Rabbit started violently, dropped the white kid gloves, and was delighted to find herself still in existence; \'and now for the rest of it now in sight, and no more to do with you..',1,43,11,'2020-12-22 19:47:10','2020-12-22 22:48:05'),(81,'Alice went on, turning to Alice: he had a little pattering of feet in the grass, merely remarking that a red-hot poker will burn you if you want to be?\' it asked. \'Oh, I\'m not particular as to.',1,18,11,'2020-12-22 19:47:10','2020-12-22 22:48:05'),(82,'Mock Turtle yawned and shut his eyes.--\'Tell her about the reason so many different sizes in a sorrowful tone; \'at least there\'s no room to open it; but, as the hall was very uncomfortable, and, as.',4,9,9,'2020-12-22 19:47:10','2020-12-22 22:48:05'),(83,'Alice, swallowing down her anger as well as if it wasn\'t trouble enough hatching the eggs,\' said the young man said, \'And your hair has become very white; And yet I wish I had our Dinah here, I know.',2,42,9,'2020-12-22 19:47:10','2020-12-22 22:48:05'),(84,'I know I have none, Why, I do it again and again.\' \'You are not attending!\' said the Mock Turtle went on saying to herself as she left her, leaning her head through the door, she ran across the.',1,31,6,'2020-12-22 19:47:10','2020-12-22 22:48:05'),(85,'IN the well,\' Alice said to live. \'I\'ve seen hatters before,\' she said these words her foot slipped, and in despair she put one arm out of sight, they were trying which word sounded best. Some of.',3,31,4,'2020-12-22 19:47:10','2020-12-22 22:48:05'),(86,'Dormouse\'s place, and Alice joined the procession, wondering very much confused, \'I don\'t like the look of things at all, as the March Hare, \'that \"I breathe when I sleep\" is the use of a good deal.',1,10,1,'2020-12-22 19:47:10','2020-12-22 22:48:05'),(87,'You see the Hatter grumbled: \'you shouldn\'t have put it more clearly,\' Alice replied very readily: \'but that\'s because it stays the same thing as \"I get what I get\" is the capital of Rome, and.',1,8,3,'2020-12-22 19:47:10','2020-12-22 22:48:05'),(88,'Majesty must cross-examine the next witness!\' said the Mock Turtle; \'but it doesn\'t understand English,\' thought Alice; \'I must go back by railway,\' she said to herself, \'because of his great wig.\'.',4,10,1,'2020-12-22 19:47:10','2020-12-22 22:48:05'),(89,'Alice in a frightened tone. \'The Queen of Hearts, who only bowed and smiled in reply. \'Idiot!\' said the Queen, and in THAT direction,\' the Cat said, waving its tail when it\'s angry, and wags its.',2,24,6,'2020-12-22 19:47:10','2020-12-22 22:48:05'),(90,'LESS,\' said the Gryphon. \'Then, you know,\' Alice gently remarked; \'they\'d have been a holiday?\' \'Of course not,\' said the Duchess: you\'d better leave off,\' said the Hatter. \'It isn\'t directed at.',4,41,2,'2020-12-22 19:47:10','2020-12-22 22:48:05'),(91,'PLEASE mind what you\'re doing!\' cried Alice, jumping up in such a dear quiet thing,\' Alice went timidly up to the part about her repeating \'YOU ARE OLD, FATHER WILLIAM,\"\' said the King. \'Nothing.',1,30,2,'2020-12-22 19:47:10','2020-12-22 22:48:05'),(92,'Oh dear, what nonsense I\'m talking!\' Just then her head struck against the roof bear?--Mind that loose slate--Oh, it\'s coming down! Heads below!\' (a loud crash)--\'Now, who did that?--It was Bill, I.',2,29,7,'2020-12-22 19:47:10','2020-12-22 22:48:05'),(93,'What happened to you? Tell us all about for it, she found that it was too dark to see it again, but it did not at all anxious to have it explained,\' said the Mock Turtle repeated thoughtfully. \'I.',2,2,4,'2020-12-22 19:47:10','2020-12-22 22:48:05'),(94,'D,\' she added in a twinkling! Half-past one, time for dinner!\' (\'I only wish it was,\' the March Hare. Alice sighed wearily. \'I think I should be like then?\' And she began thinking over all the.',2,22,10,'2020-12-22 19:47:10','2020-12-22 22:48:05'),(95,'Cat, \'a dog\'s not mad. You grant that?\' \'I suppose so,\' said the Mouse, turning to the Mock Turtle at last, they must needs come wriggling down from the change: and Alice thought the poor animal\'s.',2,5,12,'2020-12-22 19:47:10','2020-12-22 22:48:05'),(96,'But do cats eat bats? Do cats eat bats, I wonder?\' Alice guessed who it was, and, as she listened, or seemed to her full size by this very sudden change, but she gained courage as she came up to.',1,10,7,'2020-12-22 19:47:10','2020-12-22 22:48:05'),(97,'Caterpillar. Alice thought to herself. \'Of the mushroom,\' said the Rabbit say to itself in a more subdued tone, and everybody laughed, \'Let the jury eagerly wrote down all three to settle the.',2,33,10,'2020-12-22 19:47:10','2020-12-22 22:48:05'),(98,'THAT. Then again--\"BEFORE SHE HAD THIS FIT--\" you never even spoke to Time!\' \'Perhaps not,\' Alice replied very politely, \'for I never knew so much surprised, that for the pool rippling to the.',4,34,5,'2020-12-22 19:47:10','2020-12-22 22:48:05'),(99,'Lory, as soon as look at them--\'I wish they\'d get the trial one way of nursing it, (which was to find herself talking familiarly with them, as if he doesn\'t begin.\' But she went nearer to make out.',3,22,6,'2020-12-22 19:47:10','2020-12-22 22:48:05'),(100,'King, and the jury eagerly wrote down on one knee as he found it so VERY wide, but she ran off as hard as she tucked it away under her arm, with its arms and legs in all directions, tumbling up.',4,7,2,'2020-12-22 19:47:10','2020-12-22 22:48:05');
/*!40000 ALTER TABLE `news` ENABLE KEYS */;
UNLOCK TABLES;

--
-- Table structure for table `periods`
--

DROP TABLE IF EXISTS `periods`;
/*!40101 SET @saved_cs_client     = @@character_set_client */;
/*!50503 SET character_set_client = utf8mb4 */;
CREATE TABLE `periods` (
  `id` int unsigned NOT NULL AUTO_INCREMENT COMMENT 'Индификатор строки',
  `name` varchar(255) NOT NULL COMMENT 'Имя периода',
  `created_at` datetime DEFAULT CURRENT_TIMESTAMP COMMENT 'Время создания строки',
  `updated_at` datetime DEFAULT CURRENT_TIMESTAMP ON UPDATE CURRENT_TIMESTAMP COMMENT 'Время обновления строки',
  PRIMARY KEY (`id`),
  UNIQUE KEY `id` (`id`)
) ENGINE=InnoDB AUTO_INCREMENT=4 DEFAULT CHARSET=utf8mb4 COLLATE=utf8mb4_0900_ai_ci COMMENT='Периоды';
/*!40101 SET character_set_client = @saved_cs_client */;

--
-- Dumping data for table `periods`
--

LOCK TABLES `periods` WRITE;
/*!40000 ALTER TABLE `periods` DISABLE KEYS */;
INSERT INTO `periods` VALUES (1,'1 месяц','2020-12-22 22:22:05','2020-12-22 22:22:05'),(2,'2 месяца','2020-12-22 22:22:05','2020-12-22 22:22:05'),(3,'Более 2 месяцев','2020-12-22 22:22:05','2020-12-22 22:22:05');
/*!40000 ALTER TABLE `periods` ENABLE KEYS */;
UNLOCK TABLES;

--
-- Table structure for table `positions`
--

DROP TABLE IF EXISTS `positions`;
/*!40101 SET @saved_cs_client     = @@character_set_client */;
/*!50503 SET character_set_client = utf8mb4 */;
CREATE TABLE `positions` (
  `id` int unsigned NOT NULL AUTO_INCREMENT COMMENT 'Идентификатор строки',
  `name_position` varchar(100) NOT NULL COMMENT 'Имя позиции',
  `created_at` datetime DEFAULT CURRENT_TIMESTAMP COMMENT 'Время создания строки',
  `updated_at` datetime DEFAULT CURRENT_TIMESTAMP ON UPDATE CURRENT_TIMESTAMP COMMENT 'Время обновления строки',
  PRIMARY KEY (`id`)
) ENGINE=InnoDB AUTO_INCREMENT=3 DEFAULT CHARSET=utf8mb4 COLLATE=utf8mb4_0900_ai_ci COMMENT='Позиции по инструменту';
/*!40101 SET character_set_client = @saved_cs_client */;

--
-- Dumping data for table `positions`
--

LOCK TABLES `positions` WRITE;
/*!40000 ALTER TABLE `positions` DISABLE KEYS */;
INSERT INTO `positions` VALUES (1,'long','2020-12-22 22:22:39','2020-12-22 22:22:39'),(2,'short','2020-12-22 22:22:39','2020-12-22 22:22:39');
/*!40000 ALTER TABLE `positions` ENABLE KEYS */;
UNLOCK TABLES;

--
-- Table structure for table `profiles`
--

DROP TABLE IF EXISTS `profiles`;
/*!40101 SET @saved_cs_client     = @@character_set_client */;
/*!50503 SET character_set_client = utf8mb4 */;
CREATE TABLE `profiles` (
  `user_id` bigint unsigned NOT NULL COMMENT 'Ссылка на пользователя',
  `first_name` varchar(100) NOT NULL COMMENT 'Имя пользователя',
  `last_name` varchar(100) NOT NULL COMMENT 'Фамилия пользователя',
  `patronymic` varchar(100) DEFAULT NULL COMMENT 'Фамилия пользователя',
  `gender_id` int unsigned NOT NULL COMMENT 'Пол',
  `birthday` date DEFAULT NULL COMMENT 'Дата рождения',
  `photo_passport` varchar(100) DEFAULT NULL COMMENT 'Ссылка на фотографию паспорта',
  `city_id` int unsigned DEFAULT NULL COMMENT 'Город проживания',
  `country_id` int unsigned DEFAULT NULL COMMENT 'Страна проживания',
  `created_at` datetime DEFAULT CURRENT_TIMESTAMP COMMENT 'Время создания строки',
  `updated_at` datetime DEFAULT CURRENT_TIMESTAMP ON UPDATE CURRENT_TIMESTAMP COMMENT 'Время обновления строки',
  PRIMARY KEY (`user_id`),
  KEY `profiles_city_id_fk` (`city_id`),
  KEY `profiles_country_id_fk` (`country_id`),
  KEY `profiles_gender_id_fk` (`gender_id`),
  CONSTRAINT `profiles_city_id_fk` FOREIGN KEY (`city_id`) REFERENCES `cities` (`id`),
  CONSTRAINT `profiles_country_id_fk` FOREIGN KEY (`country_id`) REFERENCES `countries` (`id`),
  CONSTRAINT `profiles_gender_id_fk` FOREIGN KEY (`gender_id`) REFERENCES `genders` (`id`),
  CONSTRAINT `profiles_user_id_fk` FOREIGN KEY (`user_id`) REFERENCES `users` (`id`)
) ENGINE=InnoDB DEFAULT CHARSET=utf8mb4 COLLATE=utf8mb4_0900_ai_ci COMMENT='Профили';
/*!40101 SET character_set_client = @saved_cs_client */;

--
-- Dumping data for table `profiles`
--

LOCK TABLES `profiles` WRITE;
/*!40000 ALTER TABLE `profiles` DISABLE KEYS */;
INSERT INTO `profiles` VALUES (1,'Audreanne','Rosenbaum','Thiel',2,'1998-07-16','http://dropbox.net/finam/LeoRosenbaum.jpg',24,191,'2020-12-22 19:59:53','2020-12-22 23:01:35'),(2,'Theodore','Okuneva','Crona',2,'1980-07-14','http://dropbox.net/finam/DaleOkuneva.jpg',18,7,'2020-12-22 19:59:53','2020-12-22 23:01:35'),(3,'Jackeline','Frami','Raynor',1,'1973-06-11','http://dropbox.net/finam/EdgardoFrami.jpg',19,228,'2020-12-22 19:59:53','2020-12-22 23:01:35'),(4,'Anika','Bayer','Brakus',1,'1986-01-06','http://dropbox.net/finam/IsacBayer.jpg',39,95,'2020-12-22 19:59:53','2020-12-22 23:01:35'),(5,'Justen','Nolan','Feil',2,'2018-03-29','http://dropbox.net/finam/RaheemNolan.jpg',37,49,'2020-12-22 19:59:53','2020-12-22 23:01:35'),(6,'Evelyn','Cassin','Heathcote',1,'2012-12-03','http://dropbox.net/finam/ChrisCassin.jpg',70,213,'2020-12-22 19:59:53','2020-12-22 23:01:35'),(7,'Ludwig','Kessler','Schimmel',2,'1985-04-04','http://dropbox.net/finam/RustyKessler.jpg',35,152,'2020-12-22 19:59:53','2020-12-22 23:01:35'),(8,'Kailey','Walker','Weber',2,'2000-01-21','http://dropbox.net/finam/JoshuaWalker.jpg',66,120,'2020-12-22 19:59:53','2020-12-22 23:01:35'),(9,'Hallie','McDermott','Hayes',2,'2000-01-02','http://dropbox.net/finam/KendrickMcDermott.jpg',26,145,'2020-12-22 19:59:53','2020-12-22 23:01:35'),(10,'Cassandre','Goyette','Wiegand',2,'1972-05-16','http://dropbox.net/finam/GreenGoyette.jpg',32,108,'2020-12-22 19:59:53','2020-12-22 23:01:35'),(11,'Malvina','Torphy','Jaskolski',1,'2009-07-18','http://dropbox.net/finam/AlessandroTorphy.jpg',80,106,'2020-12-22 19:59:53','2020-12-22 23:01:35'),(12,'Stella','Robel','Breitenberg',2,'2002-02-14','http://dropbox.net/finam/MilanRobel.jpg',3,204,'2020-12-22 19:59:53','2020-12-22 23:01:35'),(13,'Taylor','Kemmer','Schulist',1,'1988-03-15','http://dropbox.net/finam/EleazarKemmer.jpg',74,192,'2020-12-22 19:59:53','2020-12-22 23:01:35'),(14,'Elian','Toy','Leuschke',1,'1983-05-07','http://dropbox.net/finam/AndreToy.jpg',60,92,'2020-12-22 19:59:53','2020-12-22 23:01:35'),(15,'Jayce','Graham','Gutkowski',2,'2008-01-23','http://dropbox.net/finam/IsaacGraham.jpg',80,137,'2020-12-22 19:59:53','2020-12-22 23:01:35'),(16,'Faye','Pollich','Turner',2,'2003-07-01','http://dropbox.net/finam/ArmaniPollich.jpg',20,155,'2020-12-22 19:59:53','2020-12-22 23:01:35'),(17,'Arnoldo','Robel','Sanford',1,'1997-03-08','http://dropbox.net/finam/CletusRobel.jpg',60,110,'2020-12-22 19:59:53','2020-12-22 23:01:35'),(18,'Jazlyn','Hettinger','Jacobson',2,'1978-03-15','http://dropbox.net/finam/HenriHettinger.jpg',39,85,'2020-12-22 19:59:53','2020-12-22 23:01:35'),(19,'Judson','Pacocha','Beatty',1,'2006-01-11','http://dropbox.net/finam/NicholausPacocha.jpg',15,94,'2020-12-22 19:59:53','2020-12-22 23:01:35'),(20,'Maude','Haag','Pagac',1,'1992-07-04','http://dropbox.net/finam/EstebanHaag.jpg',56,213,'2020-12-22 19:59:53','2020-12-22 23:01:35'),(21,'Antonette','Halvorson','Douglas',1,'2017-02-02','http://dropbox.net/finam/JeramyHalvorson.jpg',35,17,'2020-12-22 19:59:53','2020-12-22 23:01:35'),(22,'Garry','Miller','Lebsack',1,'1998-05-25','http://dropbox.net/finam/NickMiller.jpg',6,211,'2020-12-22 19:59:53','2020-12-22 23:01:35'),(23,'Terrill','Kutch','Kihn',2,'1993-03-29','http://dropbox.net/finam/NapoleonKutch.jpg',23,240,'2020-12-22 19:59:53','2020-12-22 23:01:35'),(24,'Abbey','Abernathy','King',1,'1995-08-09','http://dropbox.net/finam/ElroyAbernathy.jpg',97,57,'2020-12-22 19:59:53','2020-12-22 23:01:35'),(25,'Grace','Zemlak','Wolff',1,'1971-08-27','http://dropbox.net/finam/KendrickZemlak.jpg',17,72,'2020-12-22 19:59:53','2020-12-22 23:01:35'),(26,'Susanna','Franecki','Predovic',1,'1987-09-20','http://dropbox.net/finam/GarrettFranecki.jpg',92,188,'2020-12-22 19:59:53','2020-12-22 23:01:35'),(27,'Zion','Wisozk','Kessler',1,'2007-02-17','http://dropbox.net/finam/NickolasWisozk.jpg',10,215,'2020-12-22 19:59:53','2020-12-22 23:01:35'),(28,'Pietro','Tremblay','Bednar',1,'1970-04-16','http://dropbox.net/finam/JustonTremblay.jpg',71,2,'2020-12-22 19:59:53','2020-12-22 23:01:35'),(29,'Leanne','Wehner','Corkery',2,'1993-06-04','http://dropbox.net/finam/LonnyWehner.jpg',26,130,'2020-12-22 19:59:53','2020-12-22 23:01:35'),(30,'Judson','Daniel','Homenick',2,'1989-05-14','http://dropbox.net/finam/GilesDaniel.jpg',15,131,'2020-12-22 19:59:53','2020-12-22 23:01:35'),(31,'Everardo','Balistreri','Eichmann',1,'2017-02-10','http://dropbox.net/finam/RomanBalistreri.jpg',98,9,'2020-12-22 19:59:53','2020-12-22 23:01:35'),(32,'Eloisa','Mayer','Russel',1,'1979-03-21','http://dropbox.net/finam/BayleeMayer.jpg',46,161,'2020-12-22 19:59:53','2020-12-22 23:01:35'),(33,'Carmela','Okuneva','Stoltenberg',1,'1977-11-22','http://dropbox.net/finam/RylanOkuneva.jpg',32,15,'2020-12-22 19:59:53','2020-12-22 23:01:35'),(34,'Kiera','Deckow','Deckow',1,'1999-02-21','http://dropbox.net/finam/MohammadDeckow.jpg',24,99,'2020-12-22 19:59:53','2020-12-22 23:01:35'),(35,'Milford','Gislason','Turcotte',1,'1976-09-30','http://dropbox.net/finam/HendersonGislason.jpg',22,196,'2020-12-22 19:59:53','2020-12-22 23:01:35'),(36,'Antonetta','Dicki','Wuckert',2,'2005-11-30','http://dropbox.net/finam/JeffDicki.jpg',38,173,'2020-12-22 19:59:53','2020-12-22 23:01:35'),(37,'Julian','Prosacco','Leuschke',2,'1986-01-07','http://dropbox.net/finam/TheronProsacco.jpg',25,19,'2020-12-22 19:59:53','2020-12-22 23:01:35'),(38,'Kian','Rolfson','Wehner',1,'1984-03-19','http://dropbox.net/finam/BriceRolfson.jpg',10,88,'2020-12-22 19:59:53','2020-12-22 23:01:35'),(39,'Kale','Keeling','Labadie',1,'1970-05-28','http://dropbox.net/finam/GarrickKeeling.jpg',76,129,'2020-12-22 19:59:53','2020-12-22 23:01:35'),(40,'Christy','Ebert','Hermann',1,'2015-05-21','http://dropbox.net/finam/BuckEbert.jpg',47,122,'2020-12-22 19:59:53','2020-12-22 23:01:35'),(41,'Dock','Muller','Gutmann',2,'2003-08-30','http://dropbox.net/finam/DemondMuller.jpg',7,225,'2020-12-22 19:59:53','2020-12-22 23:01:35'),(42,'Elton','Herzog','Renner',2,'2010-05-03','http://dropbox.net/finam/NicolasHerzog.jpg',93,247,'2020-12-22 19:59:53','2020-12-22 23:01:35'),(43,'Katharina','Homenick','Ferry',2,'2000-07-13','http://dropbox.net/finam/RyannHomenick.jpg',43,49,'2020-12-22 19:59:53','2020-12-22 23:01:35'),(44,'Addison','DuBuque','Rolfson',2,'1976-06-16','http://dropbox.net/finam/EmmittDuBuque.jpg',36,13,'2020-12-22 19:59:53','2020-12-22 23:01:35'),(45,'Dagmar','Herman','Robel',1,'1992-03-21','http://dropbox.net/finam/JordiHerman.jpg',52,172,'2020-12-22 19:59:53','2020-12-22 23:01:35'),(46,'Mae','Schuster','Abshire',1,'1984-11-06','http://dropbox.net/finam/AronSchuster.jpg',49,55,'2020-12-22 19:59:53','2020-12-22 23:01:35'),(47,'Lizeth','McKenzie','Beer',1,'1996-09-09','http://dropbox.net/finam/AntwanMcKenzie.jpg',90,16,'2020-12-22 19:59:53','2020-12-22 23:01:35'),(48,'Loraine','Ruecker','Raynor',2,'2020-09-10','http://dropbox.net/finam/CesarRuecker.jpg',1,170,'2020-12-22 19:59:53','2020-12-22 23:01:35'),(49,'Madisyn','Stark','Feeney',2,'1982-04-12','http://dropbox.net/finam/HollisStark.jpg',34,36,'2020-12-22 19:59:53','2020-12-22 23:01:35'),(50,'Josefa','Leuschke','Keebler',2,'1997-11-03','http://dropbox.net/finam/BrennanLeuschke.jpg',69,180,'2020-12-22 19:59:53','2020-12-22 23:01:35'),(51,'Gordon','Weber','Crona',1,'1992-09-19','http://dropbox.net/finam/StantonWeber.jpg',39,26,'2020-12-22 19:59:53','2020-12-22 23:01:35'),(52,'Tianna','Boehm','Zulauf',1,'2020-10-23','http://dropbox.net/finam/SidBoehm.jpg',90,101,'2020-12-22 19:59:53','2020-12-22 23:01:35'),(53,'Janae','Lindgren','Jenkins',1,'1989-03-17','http://dropbox.net/finam/EmilioLindgren.jpg',34,168,'2020-12-22 19:59:53','2020-12-22 23:01:35'),(54,'Jaqueline','Skiles','Schiller',2,'1977-12-13','http://dropbox.net/finam/HeberSkiles.jpg',98,30,'2020-12-22 19:59:53','2020-12-22 23:01:35'),(55,'Isidro','Rutherford','Collins',2,'1996-12-19','http://dropbox.net/finam/LaurelRutherford.jpg',87,156,'2020-12-22 19:59:53','2020-12-22 23:01:35'),(56,'Bette','Roberts','Hand',1,'2006-02-03','http://dropbox.net/finam/MohamedRoberts.jpg',42,176,'2020-12-22 19:59:53','2020-12-22 23:01:35'),(57,'Arlo','Greenholt','Walsh',1,'1991-12-03','http://dropbox.net/finam/GarnetGreenholt.jpg',46,160,'2020-12-22 19:59:53','2020-12-22 23:01:35'),(58,'Eunice','Schneider','Dicki',2,'1984-09-12','http://dropbox.net/finam/FernandoSchneider.jpg',5,13,'2020-12-22 19:59:53','2020-12-22 23:01:35'),(59,'Kali','Spencer','Anderson',2,'1981-04-22','http://dropbox.net/finam/KennediSpencer.jpg',87,97,'2020-12-22 19:59:53','2020-12-22 23:01:35'),(60,'Marcelle','Buckridge','Kuphal',2,'1993-07-29','http://dropbox.net/finam/GiuseppeBuckridge.jpg',19,191,'2020-12-22 19:59:53','2020-12-22 23:01:35'),(61,'Landen','Cormier','Tillman',2,'2019-11-07','http://dropbox.net/finam/JessieCormier.jpg',35,151,'2020-12-22 19:59:53','2020-12-22 23:01:35'),(62,'Damien','Keebler','Pagac',1,'2009-12-09','http://dropbox.net/finam/AmosKeebler.jpg',18,182,'2020-12-22 19:59:53','2020-12-22 23:01:35'),(63,'Aryanna','Osinski','Pollich',1,'2016-09-16','http://dropbox.net/finam/MarcelOsinski.jpg',85,203,'2020-12-22 19:59:53','2020-12-22 23:01:35'),(64,'Clay','Brown','Schneider',1,'1975-12-13','http://dropbox.net/finam/BertaBrown.jpg',70,214,'2020-12-22 19:59:53','2020-12-22 23:01:35'),(65,'Seamus','Klocko','Kreiger',2,'1971-10-16','http://dropbox.net/finam/ChaseKlocko.jpg',96,205,'2020-12-22 19:59:53','2020-12-22 23:01:35'),(66,'Lucius','Lubowitz','Huels',1,'2000-06-05','http://dropbox.net/finam/StevieLubowitz.jpg',67,129,'2020-12-22 19:59:53','2020-12-22 23:01:35'),(67,'Elvis','Rodriguez','Trantow',1,'1980-01-07','http://dropbox.net/finam/KristofferRodriguez.jpg',46,30,'2020-12-22 19:59:53','2020-12-22 23:01:35'),(68,'Trycia','Barrows','Towne',1,'1988-12-30','http://dropbox.net/finam/CarrollBarrows.jpg',30,16,'2020-12-22 19:59:53','2020-12-22 23:01:35'),(69,'Amani','Jerde','Bernhard',2,'1991-03-24','http://dropbox.net/finam/CadenJerde.jpg',9,245,'2020-12-22 19:59:53','2020-12-22 23:01:35'),(70,'Mikel','Kautzer','Auer',1,'2020-11-13','http://dropbox.net/finam/IgnacioKautzer.jpg',56,158,'2020-12-22 19:59:53','2020-12-22 23:01:35'),(71,'Rozella','Marks','Swaniawski',2,'2012-05-25','http://dropbox.net/finam/MiguelMarks.jpg',54,55,'2020-12-22 19:59:53','2020-12-22 23:01:35'),(72,'Rodger','Kiehn','Graham',2,'1974-05-11','http://dropbox.net/finam/ToneyKiehn.jpg',99,53,'2020-12-22 19:59:53','2020-12-22 23:01:35'),(73,'Loyce','Vandervort','Spinka',1,'1995-11-23','http://dropbox.net/finam/MervinVandervort.jpg',34,102,'2020-12-22 19:59:53','2020-12-22 23:01:35'),(74,'Emmanuel','Olson','Bartoletti',1,'1997-07-09','http://dropbox.net/finam/LesterOlson.jpg',73,94,'2020-12-22 19:59:53','2020-12-22 23:01:35'),(75,'Melvina','Brekke','Kassulke',1,'2011-01-03','http://dropbox.net/finam/GerhardBrekke.jpg',60,164,'2020-12-22 19:59:53','2020-12-22 23:01:35'),(76,'Jermaine','Wisoky','Ledner',2,'1978-06-12','http://dropbox.net/finam/EmmetWisoky.jpg',81,29,'2020-12-22 19:59:53','2020-12-22 23:01:35'),(77,'Luciano','Glover','Johnson',1,'2001-08-24','http://dropbox.net/finam/JonatanGlover.jpg',27,161,'2020-12-22 19:59:53','2020-12-22 23:01:35'),(78,'Dimitri','Welch','Veum',2,'1991-05-03','http://dropbox.net/finam/TedWelch.jpg',89,209,'2020-12-22 19:59:53','2020-12-22 23:01:35'),(79,'Karianne','Treutel','DuBuque',2,'1971-07-12','http://dropbox.net/finam/NoeTreutel.jpg',66,50,'2020-12-22 19:59:53','2020-12-22 23:01:35'),(80,'Triston','Mueller','Abbott',1,'1997-03-28','http://dropbox.net/finam/JeremyMueller.jpg',60,132,'2020-12-22 19:59:53','2020-12-22 23:01:35'),(81,'Angel','Doyle','Stracke',2,'2000-08-10','http://dropbox.net/finam/AntwanDoyle.jpg',2,255,'2020-12-22 19:59:53','2020-12-22 23:01:35'),(82,'Hilario','Jaskolski','Schulist',1,'2001-06-15','http://dropbox.net/finam/NasirJaskolski.jpg',31,113,'2020-12-22 19:59:53','2020-12-22 23:01:35'),(83,'Arjun','Harris','Crona',1,'2018-11-07','http://dropbox.net/finam/BennieHarris.jpg',46,54,'2020-12-22 19:59:53','2020-12-22 23:01:35'),(84,'Elda','Schamberger','Sauer',1,'2009-12-18','http://dropbox.net/finam/HaydenSchamberger.jpg',36,184,'2020-12-22 19:59:53','2020-12-22 23:01:35'),(85,'Isabel','Collins','Torp',2,'1994-02-13','http://dropbox.net/finam/KennediCollins.jpg',44,251,'2020-12-22 19:59:53','2020-12-22 23:01:35'),(86,'Gaetano','Volkman','Wyman',1,'1993-09-09','http://dropbox.net/finam/RaphaelVolkman.jpg',10,190,'2020-12-22 19:59:53','2020-12-22 23:01:35'),(87,'Seamus','Macejkovic','Hackett',1,'1998-08-26','http://dropbox.net/finam/WalkerMacejkovic.jpg',19,195,'2020-12-22 19:59:53','2020-12-22 23:01:35'),(88,'Clarissa','Hammes','Metz',1,'1990-10-28','http://dropbox.net/finam/MarquisHammes.jpg',64,152,'2020-12-22 19:59:53','2020-12-22 23:01:35'),(89,'Emie','Buckridge','Abbott',2,'2003-01-22','http://dropbox.net/finam/BrendanBuckridge.jpg',63,174,'2020-12-22 19:59:53','2020-12-22 23:01:35'),(90,'Declan','Rodriguez','Boehm',2,'1985-08-22','http://dropbox.net/finam/GeoRodriguez.jpg',22,156,'2020-12-22 19:59:53','2020-12-22 23:01:35'),(91,'Margret','Swift','Littel',2,'2005-07-26','http://dropbox.net/finam/FrancescoSwift.jpg',23,6,'2020-12-22 19:59:53','2020-12-22 23:01:35'),(92,'Jonathon','Dach','Bashirian',1,'1979-11-25','http://dropbox.net/finam/DamionDach.jpg',45,71,'2020-12-22 19:59:53','2020-12-22 23:01:35'),(93,'Trisha','Mohr','Abshire',2,'1981-01-07','http://dropbox.net/finam/MaximillianMohr.jpg',57,81,'2020-12-22 19:59:53','2020-12-22 23:01:35'),(94,'Madilyn','Padberg','Hickle',1,'1987-04-22','http://dropbox.net/finam/MarkPadberg.jpg',49,191,'2020-12-22 19:59:53','2020-12-22 23:01:35'),(95,'Roosevelt','Cronin','Grant',1,'2019-06-13','http://dropbox.net/finam/CameronCronin.jpg',75,202,'2020-12-22 19:59:53','2020-12-22 23:01:35'),(96,'Jermaine','Kris','Quigley',2,'1971-03-25','http://dropbox.net/finam/WestonKris.jpg',27,182,'2020-12-22 19:59:53','2020-12-22 23:01:35'),(97,'Omer','Turcotte','Hackett',2,'1983-10-22','http://dropbox.net/finam/JavonTurcotte.jpg',9,48,'2020-12-22 19:59:53','2020-12-22 23:01:35'),(98,'Santina','Halvorson','Kuhic',1,'1977-06-26','http://dropbox.net/finam/FletcherHalvorson.jpg',62,203,'2020-12-22 19:59:53','2020-12-22 23:01:35'),(99,'Deshaun','Pfeffer','Abbott',2,'1991-02-23','http://dropbox.net/finam/RocioPfeffer.jpg',82,105,'2020-12-22 19:59:53','2020-12-22 23:01:35'),(100,'Caroline','Hyatt','Dibbert',2,'2012-11-01','http://dropbox.net/finam/AustinHyatt.jpg',24,169,'2020-12-22 19:59:53','2020-12-22 23:01:35');
/*!40000 ALTER TABLE `profiles` ENABLE KEYS */;
UNLOCK TABLES;

--
-- Table structure for table `recommendations`
--

DROP TABLE IF EXISTS `recommendations`;
/*!40101 SET @saved_cs_client     = @@character_set_client */;
/*!50503 SET character_set_client = utf8mb4 */;
CREATE TABLE `recommendations` (
  `id` int unsigned NOT NULL AUTO_INCREMENT COMMENT 'Индификатор строки',
  `name` varchar(255) NOT NULL COMMENT 'Статус рекомендации',
  `created_at` datetime DEFAULT CURRENT_TIMESTAMP COMMENT 'Время создания строки',
  `updated_at` datetime DEFAULT CURRENT_TIMESTAMP ON UPDATE CURRENT_TIMESTAMP COMMENT 'Время обновления строки',
  PRIMARY KEY (`id`),
  UNIQUE KEY `id` (`id`)
) ENGINE=InnoDB AUTO_INCREMENT=6 DEFAULT CHARSET=utf8mb4 COLLATE=utf8mb4_0900_ai_ci COMMENT='Статусы рекомендации';
/*!40101 SET character_set_client = @saved_cs_client */;

--
-- Dumping data for table `recommendations`
--

LOCK TABLES `recommendations` WRITE;
/*!40000 ALTER TABLE `recommendations` DISABLE KEYS */;
INSERT INTO `recommendations` VALUES (1,'без позиции','2020-12-22 22:22:05','2020-12-22 22:22:05'),(2,'покупать','2020-12-22 22:22:05','2020-12-22 22:22:05'),(3,'активно покупать','2020-12-22 22:22:05','2020-12-22 22:22:05'),(4,'продавать','2020-12-22 22:22:05','2020-12-22 22:22:05'),(5,'активно продавать','2020-12-22 22:22:05','2020-12-22 22:22:05');
/*!40000 ALTER TABLE `recommendations` ENABLE KEYS */;
UNLOCK TABLES;

--
-- Table structure for table `resource_news`
--

DROP TABLE IF EXISTS `resource_news`;
/*!40101 SET @saved_cs_client     = @@character_set_client */;
/*!50503 SET character_set_client = utf8mb4 */;
CREATE TABLE `resource_news` (
  `id` int unsigned NOT NULL AUTO_INCREMENT COMMENT 'Индификатор строки',
  `resource_name` varchar(255) NOT NULL COMMENT 'Название ресурса',
  `created_at` datetime DEFAULT CURRENT_TIMESTAMP COMMENT 'Время создания строки',
  `updated_at` datetime DEFAULT CURRENT_TIMESTAMP ON UPDATE CURRENT_TIMESTAMP COMMENT 'Время обновления строки',
  PRIMARY KEY (`id`)
) ENGINE=InnoDB AUTO_INCREMENT=13 DEFAULT CHARSET=utf8mb4 COLLATE=utf8mb4_0900_ai_ci COMMENT='Источник новости';
/*!40101 SET character_set_client = @saved_cs_client */;

--
-- Dumping data for table `resource_news`
--

LOCK TABLES `resource_news` WRITE;
/*!40000 ALTER TABLE `resource_news` DISABLE KEYS */;
INSERT INTO `resource_news` VALUES (1,'ГК \"ФИНАМ\"','2020-12-22 22:22:06','2020-12-22 22:22:06'),(2,'ИК \"Велес Капитал\"','2020-12-22 22:22:06','2020-12-22 22:22:06'),(3,'\"Алор Брокер\"','2020-12-22 22:22:06','2020-12-22 22:22:06'),(4,'\"Алго Капитал\"','2020-12-22 22:22:06','2020-12-22 22:22:06'),(5,'\"ИГ \"УНИВЕР Капитал\"','2020-12-22 22:22:06','2020-12-22 22:22:06'),(6,'ИК \"Фридом Финанс\"','2020-12-22 22:22:06','2020-12-22 22:22:06'),(7,'ИГ \"Московские партнеры\"','2020-12-22 22:22:06','2020-12-22 22:22:06'),(8,'\"Альфа-Банк\"','2020-12-22 22:22:06','2020-12-22 22:22:06'),(9,'Saxo Bank','2020-12-22 22:22:06','2020-12-22 22:22:06'),(10,'ПАО \"Промсвязьбанк\"','2020-12-22 22:22:06','2020-12-22 22:22:06'),(11,'Saxo Bank','2020-12-22 22:22:06','2020-12-22 22:22:06'),(12,'\"АТОН\"','2020-12-22 22:22:06','2020-12-22 22:22:06');
/*!40000 ALTER TABLE `resource_news` ENABLE KEYS */;
UNLOCK TABLES;

--
-- Table structure for table `status_news`
--

DROP TABLE IF EXISTS `status_news`;
/*!40101 SET @saved_cs_client     = @@character_set_client */;
/*!50503 SET character_set_client = utf8mb4 */;
CREATE TABLE `status_news` (
  `id` int unsigned NOT NULL AUTO_INCREMENT COMMENT 'Индификатор строки',
  `name` varchar(255) NOT NULL COMMENT 'Статус новости',
  `created_at` datetime DEFAULT CURRENT_TIMESTAMP COMMENT 'Время создания строки',
  `updated_at` datetime DEFAULT CURRENT_TIMESTAMP ON UPDATE CURRENT_TIMESTAMP COMMENT 'Время обновления строки',
  PRIMARY KEY (`id`)
) ENGINE=InnoDB AUTO_INCREMENT=5 DEFAULT CHARSET=utf8mb4 COLLATE=utf8mb4_0900_ai_ci COMMENT='Статус новости';
/*!40101 SET character_set_client = @saved_cs_client */;

--
-- Dumping data for table `status_news`
--

LOCK TABLES `status_news` WRITE;
/*!40000 ALTER TABLE `status_news` DISABLE KEYS */;
INSERT INTO `status_news` VALUES (1,'Новости компаний','2020-12-22 22:22:06','2020-12-22 22:22:06'),(2,'Важные даты','2020-12-22 22:22:06','2020-12-22 22:22:06'),(3,'Обзоры и идеи','2020-12-22 22:22:06','2020-12-22 22:22:06'),(4,'Новости и комментарии','2020-12-22 22:22:06','2020-12-22 22:22:06');
/*!40000 ALTER TABLE `status_news` ENABLE KEYS */;
UNLOCK TABLES;

--
-- Table structure for table `status_requests`
--

DROP TABLE IF EXISTS `status_requests`;
/*!40101 SET @saved_cs_client     = @@character_set_client */;
/*!50503 SET character_set_client = utf8mb4 */;
CREATE TABLE `status_requests` (
  `id` int unsigned NOT NULL AUTO_INCREMENT COMMENT 'Индификатор строки',
  `status_ipo` varchar(100) NOT NULL COMMENT 'Статус ipo',
  PRIMARY KEY (`id`)
) ENGINE=InnoDB AUTO_INCREMENT=3 DEFAULT CHARSET=utf8mb4 COLLATE=utf8mb4_0900_ai_ci COMMENT='Статусы ipo';
/*!40101 SET character_set_client = @saved_cs_client */;

--
-- Dumping data for table `status_requests`
--

LOCK TABLES `status_requests` WRITE;
/*!40000 ALTER TABLE `status_requests` DISABLE KEYS */;
INSERT INTO `status_requests` VALUES (1,'Следить'),(2,'Участвавать');
/*!40000 ALTER TABLE `status_requests` ENABLE KEYS */;
UNLOCK TABLES;

--
-- Table structure for table `stocks`
--

DROP TABLE IF EXISTS `stocks`;
/*!40101 SET @saved_cs_client     = @@character_set_client */;
/*!50503 SET character_set_client = utf8mb4 */;
CREATE TABLE `stocks` (
  `id` bigint unsigned NOT NULL AUTO_INCREMENT COMMENT 'Индификатор строки',
  `instrument_id` bigint unsigned NOT NULL COMMENT 'Текущий инструмент',
  `open_price` decimal(11,2) DEFAULT NULL COMMENT 'Цена открытия',
  `high_price` decimal(11,2) DEFAULT NULL COMMENT 'Максимальная цена',
  `low_price` decimal(11,2) DEFAULT NULL COMMENT 'Минимальная цена',
  `close_price` decimal(11,2) DEFAULT NULL COMMENT 'Цена закрытия',
  `volume` decimal(11,2) DEFAULT NULL COMMENT 'Объем',
  `created_at` datetime DEFAULT CURRENT_TIMESTAMP COMMENT 'Время создания строки',
  `updated_at` datetime DEFAULT CURRENT_TIMESTAMP ON UPDATE CURRENT_TIMESTAMP COMMENT 'Время обновления строки',
  PRIMARY KEY (`id`,`instrument_id`) COMMENT 'Составной первичный ключ',
  UNIQUE KEY `id` (`id`)
) ENGINE=InnoDB AUTO_INCREMENT=210 DEFAULT CHARSET=utf8mb4 COLLATE=utf8mb4_0900_ai_ci COMMENT='Котировки';
/*!40101 SET character_set_client = @saved_cs_client */;

--
-- Dumping data for table `stocks`
--

LOCK TABLES `stocks` WRITE;
/*!40000 ALTER TABLE `stocks` DISABLE KEYS */;
INSERT INTO `stocks` VALUES (1,73,14909.76,9227.45,757.08,14570.84,56208.00,'2020-12-22 18:16:00','2020-12-22 22:22:04'),(2,111,12126.83,10140.51,7114.38,14172.48,8879.00,'2020-12-22 18:16:00','2020-12-22 22:22:04'),(3,127,903.85,8019.21,3299.65,12148.89,805286.00,'2020-12-22 18:16:00','2020-12-22 22:22:04'),(4,92,13137.78,9673.51,10154.13,3226.03,140017.00,'2020-12-22 18:16:00','2020-12-22 22:22:04'),(5,81,2976.35,9308.92,10870.68,9682.46,2016732.00,'2020-12-22 18:16:00','2020-12-22 22:22:04'),(6,126,5467.42,2523.10,8890.02,8733.19,274228.00,'2020-12-22 18:16:00','2020-12-22 22:22:04'),(7,177,3407.02,14687.71,11837.06,14617.60,6851321.00,'2020-12-22 18:16:00','2020-12-22 22:22:04'),(8,87,631.87,5868.24,2514.24,1887.42,941089.00,'2020-12-22 18:16:00','2020-12-22 22:22:04'),(9,116,7937.26,277.10,7059.02,10583.30,872760.00,'2020-12-22 18:16:00','2020-12-22 22:22:04'),(10,109,7789.72,13779.78,12751.36,2253.22,530535.00,'2020-12-22 18:16:00','2020-12-22 22:22:04'),(11,195,135.83,8066.60,12578.76,9515.23,85310.00,'2020-12-22 18:16:00','2020-12-22 22:22:04'),(12,22,7308.98,13992.65,9638.72,10815.47,51480425.00,'2020-12-22 18:16:00','2020-12-22 22:22:04'),(13,151,6136.40,762.46,10456.30,10530.66,24397.00,'2020-12-22 18:16:00','2020-12-22 22:22:04'),(14,63,8754.09,6833.34,8364.34,5205.89,520378.00,'2020-12-22 18:16:00','2020-12-22 22:22:04'),(15,71,10360.21,1878.31,10451.82,9436.47,518699.00,'2020-12-22 18:16:00','2020-12-22 22:22:04'),(16,163,10537.81,3890.53,12165.09,1563.67,22361.00,'2020-12-22 18:16:00','2020-12-22 22:22:04'),(17,185,6607.40,13816.71,14468.99,9507.95,545711.00,'2020-12-22 18:16:00','2020-12-22 22:22:04'),(18,18,1422.58,12410.96,5848.68,12847.75,651471.00,'2020-12-22 18:16:00','2020-12-22 22:22:04'),(19,159,2289.69,5603.70,835.41,5713.89,610223.00,'2020-12-22 18:16:00','2020-12-22 22:22:04'),(20,115,7179.70,5784.61,1630.02,5025.22,65624833.00,'2020-12-22 18:16:00','2020-12-22 22:22:04'),(21,99,14028.46,12110.95,5642.85,7983.40,2340.00,'2020-12-22 18:16:00','2020-12-22 22:22:04'),(22,147,3602.18,13199.92,8323.21,9840.37,7997.00,'2020-12-22 18:16:00','2020-12-22 22:22:04'),(23,22,5924.51,14665.73,9686.50,10250.63,86703.00,'2020-12-22 18:16:00','2020-12-22 22:22:04'),(24,87,3815.04,3727.91,8461.88,6731.05,592846.00,'2020-12-22 18:16:00','2020-12-22 22:22:04'),(25,159,1300.65,4641.37,13248.90,2902.36,694122.00,'2020-12-22 18:16:00','2020-12-22 22:22:04'),(26,116,10057.14,12022.11,10857.84,9317.65,682073.00,'2020-12-22 18:16:00','2020-12-22 22:22:04'),(27,103,1382.75,1185.42,14541.52,7880.16,317997.00,'2020-12-22 18:16:00','2020-12-22 22:22:04'),(28,167,6741.33,14859.78,10133.05,11446.85,178457.00,'2020-12-22 18:16:00','2020-12-22 22:22:04'),(29,107,14557.42,10741.66,7039.73,3592.79,533769.00,'2020-12-22 18:16:00','2020-12-22 22:22:04'),(30,32,7562.10,9127.97,4798.47,13622.41,5361759.00,'2020-12-22 18:16:00','2020-12-22 22:22:04'),(31,46,9137.23,13413.84,2872.18,12332.65,5927797.00,'2020-12-22 18:16:00','2020-12-22 22:22:04'),(32,136,7998.86,9684.32,14964.47,5795.03,64730.00,'2020-12-22 18:16:00','2020-12-22 22:22:04'),(33,124,12581.59,8179.08,6204.80,6976.22,704855.00,'2020-12-22 18:16:00','2020-12-22 22:22:04'),(34,209,8910.40,11841.43,1129.63,2494.99,9392.00,'2020-12-22 18:16:00','2020-12-22 22:22:04'),(35,45,6806.22,4668.92,2032.71,6545.28,912967.00,'2020-12-22 18:16:00','2020-12-22 22:22:04'),(36,17,7298.89,2819.32,6773.69,10240.46,88003.00,'2020-12-22 18:16:00','2020-12-22 22:22:04'),(37,158,1074.79,88.81,12769.30,1565.45,288709.00,'2020-12-22 18:16:00','2020-12-22 22:22:04'),(38,112,13476.27,6985.11,13524.44,7104.85,440271.00,'2020-12-22 18:16:00','2020-12-22 22:22:04'),(39,86,4156.00,4658.11,14313.28,826.92,51711018.00,'2020-12-22 18:16:00','2020-12-22 22:22:04'),(40,94,10350.18,2334.22,992.09,12819.05,452456.00,'2020-12-22 18:16:00','2020-12-22 22:22:04'),(41,1,9281.91,12695.79,7019.62,1613.47,931466.00,'2020-12-22 18:16:00','2020-12-22 22:22:04'),(42,139,358.01,11475.26,2120.81,14609.21,5100926.00,'2020-12-22 18:16:00','2020-12-22 22:22:04'),(43,67,3943.32,4287.95,4544.19,8204.66,59899271.00,'2020-12-22 18:16:00','2020-12-22 22:22:04'),(44,124,3641.59,2012.98,1357.53,12194.67,289964.00,'2020-12-22 18:16:00','2020-12-22 22:22:04'),(45,4,6376.97,12200.05,8154.06,6358.38,471426.00,'2020-12-22 18:16:00','2020-12-22 22:22:04'),(46,63,5959.08,9960.32,6696.72,10206.88,5012.00,'2020-12-22 18:16:00','2020-12-22 22:22:04'),(47,93,10663.49,13200.42,9020.44,1958.27,8146223.00,'2020-12-22 18:16:00','2020-12-22 22:22:04'),(48,69,5439.22,6120.15,10011.04,9169.71,645424.00,'2020-12-22 18:16:00','2020-12-22 22:22:04'),(49,63,10204.61,5998.49,7992.87,9972.75,347226.00,'2020-12-22 18:16:00','2020-12-22 22:22:04'),(50,107,4704.40,11631.02,9930.23,7353.60,789861.00,'2020-12-22 18:16:00','2020-12-22 22:22:04'),(51,137,7907.17,10158.61,10671.55,6848.74,897627.00,'2020-12-22 18:16:00','2020-12-22 22:22:04'),(52,156,10421.66,898.98,8566.06,12181.90,98863952.00,'2020-12-22 18:16:00','2020-12-22 22:22:04'),(53,157,13385.79,4018.09,10814.65,10362.29,6654996.00,'2020-12-22 18:16:00','2020-12-22 22:22:04'),(54,109,5662.97,2392.49,13374.06,264.76,71194133.00,'2020-12-22 18:16:00','2020-12-22 22:22:04'),(55,74,3156.49,14907.20,4425.36,235.93,6121809.00,'2020-12-22 18:16:00','2020-12-22 22:22:04'),(56,40,13792.54,7357.50,12003.61,384.36,69824.00,'2020-12-22 18:16:00','2020-12-22 22:22:04'),(57,188,14492.24,7064.94,1740.98,1213.03,32239.00,'2020-12-22 18:16:00','2020-12-22 22:22:04'),(58,192,1082.58,13251.17,2693.08,4911.05,6688.00,'2020-12-22 18:16:00','2020-12-22 22:22:04'),(59,188,6935.19,60.03,8241.44,5915.16,8708.00,'2020-12-22 18:16:00','2020-12-22 22:22:04'),(60,156,1427.19,5545.65,3126.96,14841.68,99021.00,'2020-12-22 18:16:00','2020-12-22 22:22:04'),(61,4,1329.41,12547.18,5909.48,11461.88,108550.00,'2020-12-22 18:16:00','2020-12-22 22:22:04'),(62,177,2364.45,1097.92,5165.51,12783.39,839873.00,'2020-12-22 18:16:00','2020-12-22 22:22:04'),(63,38,7833.03,12847.07,8098.12,14530.32,651246826.00,'2020-12-22 18:16:00','2020-12-22 22:22:04'),(64,77,2070.79,940.61,9993.09,4300.41,16604.00,'2020-12-22 18:16:00','2020-12-22 22:22:04'),(65,63,1853.87,11160.81,10670.06,7910.08,863714.00,'2020-12-22 18:16:00','2020-12-22 22:22:04'),(66,82,3055.99,7981.23,8370.04,11648.19,8588632.00,'2020-12-22 18:16:00','2020-12-22 22:22:04'),(67,13,9717.33,6422.73,9839.00,4509.71,770958.00,'2020-12-22 18:16:00','2020-12-22 22:22:04'),(68,28,9417.67,8168.95,9083.91,2602.99,788952.00,'2020-12-22 18:16:00','2020-12-22 22:22:04'),(69,100,2935.37,6575.57,901.53,14484.83,7901075.00,'2020-12-22 18:16:00','2020-12-22 22:22:04'),(70,204,1422.85,8369.98,7254.91,4614.16,343619.00,'2020-12-22 18:16:00','2020-12-22 22:22:04'),(71,96,13307.13,7122.19,3568.97,9615.34,341241.00,'2020-12-22 18:16:00','2020-12-22 22:22:04'),(72,74,2266.09,10500.04,11079.12,4233.18,756418747.00,'2020-12-22 18:16:00','2020-12-22 22:22:04'),(73,81,1408.06,1132.60,14687.69,7318.91,101821.00,'2020-12-22 18:16:00','2020-12-22 22:22:04'),(74,185,241.05,4161.88,10200.10,8893.99,665347.00,'2020-12-22 18:16:00','2020-12-22 22:22:04'),(75,53,11980.04,2410.59,6936.44,7512.24,26189.00,'2020-12-22 18:16:00','2020-12-22 22:22:04'),(76,128,14176.08,14566.32,4080.89,10878.24,293013.00,'2020-12-22 18:16:00','2020-12-22 22:22:04'),(77,61,4939.28,5598.82,14594.14,1853.48,93282.00,'2020-12-22 18:16:00','2020-12-22 22:22:04'),(78,129,12167.17,14294.13,727.04,6631.69,459026.00,'2020-12-22 18:16:00','2020-12-22 22:22:04'),(79,43,1016.98,9673.23,4851.77,12597.00,3863683.00,'2020-12-22 18:16:00','2020-12-22 22:22:04'),(80,38,13582.41,5482.72,7076.74,13088.91,5144012.00,'2020-12-22 18:16:00','2020-12-22 22:22:04'),(81,61,4860.12,13392.93,5827.36,12652.58,406089.00,'2020-12-22 18:16:00','2020-12-22 22:22:04'),(82,189,13552.35,5515.51,7905.61,8995.14,3511403.00,'2020-12-22 18:16:00','2020-12-22 22:22:04'),(83,134,8180.39,2397.73,7044.97,7016.99,643367.00,'2020-12-22 18:16:00','2020-12-22 22:22:04'),(84,103,243.92,10441.11,11507.01,8098.51,8650480.00,'2020-12-22 18:16:00','2020-12-22 22:22:04'),(85,111,6677.43,11.38,6399.13,4440.59,988569.00,'2020-12-22 18:16:00','2020-12-22 22:22:04'),(86,40,2654.38,13732.57,12473.63,12906.40,69492844.00,'2020-12-22 18:16:00','2020-12-22 22:22:04'),(87,72,8238.62,8627.71,13169.75,6209.23,1002745.00,'2020-12-22 18:16:00','2020-12-22 22:22:04'),(88,32,3228.95,1939.83,13426.89,7325.97,38017.00,'2020-12-22 18:16:00','2020-12-22 22:22:04'),(89,151,6427.90,13815.02,12624.18,3001.15,8374105.00,'2020-12-22 18:16:00','2020-12-22 22:22:04'),(90,31,7451.64,3254.61,7839.24,8026.84,171851.00,'2020-12-22 18:16:00','2020-12-22 22:22:04'),(91,120,2973.50,4826.99,1322.65,1129.74,895453.00,'2020-12-22 18:16:00','2020-12-22 22:22:04'),(92,89,7511.57,14370.14,13094.55,11567.18,66383.00,'2020-12-22 18:16:00','2020-12-22 22:22:04'),(93,84,13636.38,12368.70,1503.77,9445.68,27927.00,'2020-12-22 18:16:00','2020-12-22 22:22:04'),(94,154,646.16,3732.10,13234.22,12525.86,735204.00,'2020-12-22 18:16:00','2020-12-22 22:22:04'),(95,99,7320.69,11553.42,1658.79,4291.27,150469.00,'2020-12-22 18:16:00','2020-12-22 22:22:04'),(96,31,4663.97,1569.77,13590.28,13877.75,638502064.00,'2020-12-22 18:16:00','2020-12-22 22:22:04'),(97,66,1356.78,3187.60,2974.04,11513.97,638020456.00,'2020-12-22 18:16:00','2020-12-22 22:22:04'),(98,29,7790.96,11227.70,4098.37,935.60,536732.00,'2020-12-22 18:16:00','2020-12-22 22:22:04'),(99,157,4883.50,1574.71,11568.70,135.07,85017762.00,'2020-12-22 18:16:00','2020-12-22 22:22:04'),(100,68,1043.58,4189.45,547.41,12867.55,222255.00,'2020-12-22 18:16:00','2020-12-22 22:22:04'),(101,79,5566.44,1222.12,13029.94,3931.53,491081.00,'2020-12-22 18:16:00','2020-12-22 22:22:04'),(102,192,9700.43,8541.25,3506.46,11054.03,778639.00,'2020-12-22 18:16:00','2020-12-22 22:22:04'),(103,93,1801.85,9038.88,8441.49,13474.53,9913.00,'2020-12-22 18:16:00','2020-12-22 22:22:04'),(104,99,9906.97,4569.65,1687.05,4209.59,409954.00,'2020-12-22 18:16:00','2020-12-22 22:22:04'),(105,8,14128.31,10730.60,13109.80,10623.34,690157165.00,'2020-12-22 18:16:00','2020-12-22 22:22:04'),(106,160,10919.61,9943.07,486.87,10486.94,8999660.00,'2020-12-22 18:16:00','2020-12-22 22:22:04'),(107,147,12212.13,2522.56,8103.92,5563.70,703852.00,'2020-12-22 18:16:00','2020-12-22 22:22:04'),(108,45,13300.81,12782.57,9058.01,11356.66,7671.00,'2020-12-22 18:16:00','2020-12-22 22:22:04'),(109,201,14866.68,11344.18,5977.28,10091.20,153215.00,'2020-12-22 18:16:00','2020-12-22 22:22:04'),(110,34,4429.94,3372.17,2711.36,1385.02,279400.00,'2020-12-22 18:16:00','2020-12-22 22:22:04'),(111,194,7548.69,12827.33,10623.99,6650.50,275442.00,'2020-12-22 18:16:00','2020-12-22 22:22:04'),(112,32,9452.61,9019.12,14984.84,14096.43,9110.00,'2020-12-22 18:16:00','2020-12-22 22:22:04'),(113,206,9615.98,6612.61,13051.22,5529.64,28306.00,'2020-12-22 18:16:00','2020-12-22 22:22:04'),(114,95,4721.06,6004.69,5300.61,357.91,529010.00,'2020-12-22 18:16:00','2020-12-22 22:22:04'),(115,68,9756.37,10184.64,2348.39,199.66,808728.00,'2020-12-22 18:16:00','2020-12-22 22:22:04'),(116,54,4617.67,2908.11,10839.12,14923.55,732394.00,'2020-12-22 18:16:00','2020-12-22 22:22:04'),(117,65,8818.22,13985.65,2149.42,14017.77,446608.00,'2020-12-22 18:16:00','2020-12-22 22:22:04'),(118,163,237.11,1202.92,8228.73,10317.22,796856.00,'2020-12-22 18:16:00','2020-12-22 22:22:04'),(119,202,4729.88,9056.64,4694.40,9531.78,634455.00,'2020-12-22 18:16:00','2020-12-22 22:22:04'),(120,103,7937.08,11673.46,13784.81,1706.23,771711.00,'2020-12-22 18:16:00','2020-12-22 22:22:04'),(121,118,10494.75,1196.35,9839.87,9934.80,4683.00,'2020-12-22 18:16:00','2020-12-22 22:22:04'),(122,69,13661.50,960.39,7843.89,14554.32,945189.00,'2020-12-22 18:16:00','2020-12-22 22:22:04'),(123,199,6822.27,1211.90,9698.87,12966.21,400811.00,'2020-12-22 18:16:00','2020-12-22 22:22:04'),(124,160,8125.86,3177.33,9961.67,6167.10,158492.00,'2020-12-22 18:16:00','2020-12-22 22:22:04'),(125,202,5161.46,12249.93,5710.75,6935.85,65835943.00,'2020-12-22 18:16:00','2020-12-22 22:22:04'),(126,112,1428.74,6716.67,13667.72,1176.97,580024.00,'2020-12-22 18:16:00','2020-12-22 22:22:04'),(127,164,6658.33,11832.56,6205.36,76.29,13431614.00,'2020-12-22 18:16:00','2020-12-22 22:22:04'),(128,66,14004.44,9011.80,5022.65,11849.55,414647.00,'2020-12-22 18:16:00','2020-12-22 22:22:04'),(129,46,5046.19,9560.33,6496.15,14017.86,826134121.00,'2020-12-22 18:16:00','2020-12-22 22:22:04'),(130,33,13216.63,5765.24,2411.79,4539.66,310744.00,'2020-12-22 18:16:00','2020-12-22 22:22:04'),(131,24,5943.59,144.21,7569.51,10643.73,7032.00,'2020-12-22 18:16:00','2020-12-22 22:22:04'),(132,21,5067.04,13424.33,611.19,9598.65,8994503.00,'2020-12-22 18:16:00','2020-12-22 22:22:04'),(133,33,7503.45,6688.03,10346.40,1061.09,323162.00,'2020-12-22 18:16:00','2020-12-22 22:22:04'),(134,100,7315.12,8166.17,4897.42,6508.49,86198.00,'2020-12-22 18:16:00','2020-12-22 22:22:04'),(135,191,14064.25,5765.75,8446.92,14358.18,361871.00,'2020-12-22 18:16:00','2020-12-22 22:22:04'),(136,27,3374.91,4329.23,12541.33,7264.42,5016858.00,'2020-12-22 18:16:00','2020-12-22 22:22:04'),(137,191,4680.77,4347.92,7364.88,8246.55,7041.00,'2020-12-22 18:16:00','2020-12-22 22:22:04'),(138,38,13278.15,8750.92,14199.42,4438.49,7178.00,'2020-12-22 18:16:00','2020-12-22 22:22:04'),(139,33,7347.43,709.84,3901.48,12451.82,829868.00,'2020-12-22 18:16:00','2020-12-22 22:22:04'),(140,51,11901.71,7295.42,6908.12,3942.64,53730.00,'2020-12-22 18:16:00','2020-12-22 22:22:04'),(141,153,7465.26,4346.58,7835.18,12356.73,5599844.00,'2020-12-22 18:16:00','2020-12-22 22:22:04'),(142,197,1620.17,14845.64,3450.51,4954.72,863069263.00,'2020-12-22 18:16:00','2020-12-22 22:22:04'),(143,107,704.06,1187.47,8746.04,2702.44,769046.00,'2020-12-22 18:16:00','2020-12-22 22:22:04'),(144,151,13658.80,6399.41,3377.67,13647.01,674039.00,'2020-12-22 18:16:00','2020-12-22 22:22:04'),(145,16,6180.83,13433.66,5649.22,126.73,8714.00,'2020-12-22 18:16:00','2020-12-22 22:22:04'),(146,44,4926.76,2969.07,3112.10,4691.64,53134.00,'2020-12-22 18:16:00','2020-12-22 22:22:04'),(147,170,6090.31,4543.35,13611.85,8077.01,53058.00,'2020-12-22 18:16:00','2020-12-22 22:22:04'),(148,93,670.24,13808.57,13721.92,11309.14,4772.00,'2020-12-22 18:16:00','2020-12-22 22:22:04'),(149,161,79.30,10411.77,12773.06,2313.66,46843.00,'2020-12-22 18:16:00','2020-12-22 22:22:04'),(150,109,13384.77,10632.15,7698.55,7639.87,233175.00,'2020-12-22 18:16:00','2020-12-22 22:22:04'),(151,61,6684.97,6924.43,172.56,1257.36,9405.00,'2020-12-22 18:16:00','2020-12-22 22:22:04'),(152,188,8269.52,2724.69,7766.17,13366.19,77251.00,'2020-12-22 18:16:00','2020-12-22 22:22:04'),(153,128,6291.69,7849.16,8312.15,3057.87,66048205.00,'2020-12-22 18:16:00','2020-12-22 22:22:04'),(154,77,6648.88,1070.76,3261.24,5189.78,996699.00,'2020-12-22 18:16:00','2020-12-22 22:22:04'),(155,1,14368.36,11805.31,6368.77,1774.31,76385074.00,'2020-12-22 18:16:00','2020-12-22 22:22:04'),(156,190,6894.14,10813.28,7059.11,8301.20,273971.00,'2020-12-22 18:16:00','2020-12-22 22:22:04'),(157,110,6364.62,3649.45,1188.24,6182.05,7732.00,'2020-12-22 18:16:00','2020-12-22 22:22:04'),(158,188,11139.69,806.43,14762.88,6005.68,6670.00,'2020-12-22 18:16:00','2020-12-22 22:22:04'),(159,191,6603.57,8082.79,10248.66,11481.24,876404480.00,'2020-12-22 18:16:00','2020-12-22 22:22:04'),(160,184,14597.79,7993.67,6953.67,9388.14,369759.00,'2020-12-22 18:16:00','2020-12-22 22:22:04'),(161,138,8177.26,718.96,4021.39,12496.00,16881.00,'2020-12-22 18:16:00','2020-12-22 22:22:04'),(162,135,12091.91,9612.81,14244.94,4314.57,105599.00,'2020-12-22 18:16:00','2020-12-22 22:22:04'),(163,53,5926.80,906.16,14159.53,14083.86,948473.00,'2020-12-22 18:16:00','2020-12-22 22:22:04'),(164,67,8357.24,5691.39,13061.85,12474.57,965129.00,'2020-12-22 18:16:00','2020-12-22 22:22:04'),(165,178,9004.80,10737.46,7829.63,5120.29,466269.00,'2020-12-22 18:16:00','2020-12-22 22:22:04'),(166,58,4951.28,6612.11,14961.59,3176.73,29110855.00,'2020-12-22 18:16:00','2020-12-22 22:22:04'),(167,176,12741.02,847.19,6318.08,521.79,520714425.00,'2020-12-22 18:16:00','2020-12-22 22:22:04'),(168,77,3850.26,14398.62,1704.63,8077.75,84833991.00,'2020-12-22 18:16:00','2020-12-22 22:22:04'),(169,67,11027.24,9450.54,4567.89,8822.38,39349783.00,'2020-12-22 18:16:00','2020-12-22 22:22:04'),(170,102,13584.42,4055.81,2724.59,4877.64,808415408.00,'2020-12-22 18:16:00','2020-12-22 22:22:04'),(171,102,4839.39,6926.45,14918.27,12920.08,933319821.00,'2020-12-22 18:16:00','2020-12-22 22:22:04'),(172,202,13442.69,7463.82,6416.56,4966.49,284353150.00,'2020-12-22 18:16:00','2020-12-22 22:22:04'),(173,76,7694.29,1538.74,2327.01,1071.21,765004.00,'2020-12-22 18:16:00','2020-12-22 22:22:04'),(174,190,13142.38,301.25,7384.38,5455.57,75751.00,'2020-12-22 18:16:00','2020-12-22 22:22:04'),(175,96,12628.02,11889.03,14939.84,9063.23,919634.00,'2020-12-22 18:16:00','2020-12-22 22:22:04'),(176,116,8711.95,13540.41,7545.09,13948.45,293156.00,'2020-12-22 18:16:00','2020-12-22 22:22:04'),(177,86,5674.68,2033.93,7904.94,12551.55,696882.00,'2020-12-22 18:16:00','2020-12-22 22:22:04'),(178,81,2236.56,14547.45,1888.40,5911.40,6442.00,'2020-12-22 18:16:00','2020-12-22 22:22:04'),(179,145,9157.77,6634.46,726.19,6901.36,16554998.00,'2020-12-22 18:16:00','2020-12-22 22:22:04'),(180,64,9078.18,4528.94,12964.74,1771.61,594939.00,'2020-12-22 18:16:00','2020-12-22 22:22:04'),(181,94,2916.57,2740.31,2644.15,3152.94,874051.00,'2020-12-22 18:16:00','2020-12-22 22:22:04'),(182,69,2347.32,113.74,4325.51,10448.90,649966855.00,'2020-12-22 18:16:00','2020-12-22 22:22:04'),(183,64,2985.88,7346.76,13694.09,12784.68,282635.00,'2020-12-22 18:16:00','2020-12-22 22:22:04'),(184,111,7886.45,6391.61,10492.93,2575.71,575439.00,'2020-12-22 18:16:00','2020-12-22 22:22:04'),(185,154,473.60,9916.74,11381.37,4523.50,7890.00,'2020-12-22 18:16:00','2020-12-22 22:22:04'),(186,20,8707.65,407.88,10427.08,14889.38,245042.00,'2020-12-22 18:16:00','2020-12-22 22:22:04'),(187,54,12116.47,2288.16,2990.29,875.40,488892.00,'2020-12-22 18:16:00','2020-12-22 22:22:04'),(188,209,4458.39,10216.19,13669.21,4707.87,699335.00,'2020-12-22 18:16:00','2020-12-22 22:22:04'),(189,46,941.53,14215.45,14374.20,5912.15,6908048.00,'2020-12-22 18:16:00','2020-12-22 22:22:04'),(190,20,6331.48,10427.68,862.35,436.11,10897.00,'2020-12-22 18:16:00','2020-12-22 22:22:04'),(191,173,13831.81,9491.06,6188.14,14443.13,479068.00,'2020-12-22 18:16:00','2020-12-22 22:22:04'),(192,176,5163.60,1171.27,13352.67,10906.30,20001.00,'2020-12-22 18:16:00','2020-12-22 22:22:04'),(193,150,14321.57,7382.17,3197.92,11201.12,991999.00,'2020-12-22 18:16:00','2020-12-22 22:22:04'),(194,15,11116.07,3396.02,5930.60,8285.69,85776049.00,'2020-12-22 18:16:00','2020-12-22 22:22:04'),(195,39,12614.62,9832.61,5058.22,7824.11,889991.00,'2020-12-22 18:16:00','2020-12-22 22:22:04'),(196,153,14723.92,8973.97,7498.30,14262.47,463961.00,'2020-12-22 18:16:00','2020-12-22 22:22:04'),(197,21,5774.72,371.05,7315.83,2839.04,438228661.00,'2020-12-22 18:16:00','2020-12-22 22:22:04'),(198,60,14700.86,4932.33,14083.27,1406.76,639830.00,'2020-12-22 18:16:00','2020-12-22 22:22:04'),(199,30,11179.14,8547.48,3467.84,13515.70,265056.00,'2020-12-22 18:16:00','2020-12-22 22:22:04'),(200,179,11792.12,12939.43,5088.40,3357.22,45817.00,'2020-12-22 18:16:00','2020-12-22 22:22:04'),(201,178,10422.19,9053.72,37.47,6238.01,797269.00,'2020-12-22 18:16:00','2020-12-22 22:22:04'),(202,143,1733.58,6449.29,14921.15,6117.40,56856.00,'2020-12-22 18:16:00','2020-12-22 22:22:04'),(203,182,7400.31,5084.30,14492.34,11871.97,882474.00,'2020-12-22 18:16:00','2020-12-22 22:22:04'),(204,63,1799.84,6072.65,12697.27,11006.63,231801.00,'2020-12-22 18:16:00','2020-12-22 22:22:04'),(205,184,1797.25,109.34,5008.33,4416.25,1494364.00,'2020-12-22 18:16:00','2020-12-22 22:22:04'),(206,106,3585.74,12327.73,1948.82,4060.35,501585.00,'2020-12-22 18:16:00','2020-12-22 22:22:04'),(207,183,12535.94,1309.63,9718.11,7052.02,74272087.00,'2020-12-22 18:16:00','2020-12-22 22:22:04'),(208,182,6921.48,14563.98,12743.12,8078.02,802520.00,'2020-12-22 18:16:00','2020-12-22 22:22:04'),(209,151,11998.58,8890.00,4560.24,4233.07,497849.00,'2020-12-22 18:16:00','2020-12-22 22:22:04');
/*!40000 ALTER TABLE `stocks` ENABLE KEYS */;
UNLOCK TABLES;

--
-- Table structure for table `technical_analyzes`
--

DROP TABLE IF EXISTS `technical_analyzes`;
/*!40101 SET @saved_cs_client     = @@character_set_client */;
/*!50503 SET character_set_client = utf8mb4 */;
CREATE TABLE `technical_analyzes` (
  `id` bigint unsigned NOT NULL AUTO_INCREMENT COMMENT 'Индификатор строки',
  `indicator_id` int unsigned NOT NULL COMMENT 'Текущий индикатор',
  `period_id` int unsigned NOT NULL COMMENT 'Текущий период',
  `recommendation_id` int unsigned NOT NULL COMMENT 'Текущая рекомендация',
  `created_at` datetime DEFAULT CURRENT_TIMESTAMP COMMENT 'Время создания строки',
  `updated_at` datetime DEFAULT CURRENT_TIMESTAMP ON UPDATE CURRENT_TIMESTAMP COMMENT 'Время обновления строки',
  PRIMARY KEY (`id`),
  UNIQUE KEY `id` (`id`),
  KEY `technical_analyzes_indicator_id_fk` (`indicator_id`),
  KEY `technical_analyzes_period_id_fk` (`period_id`),
  KEY `technical_analyzes_recommendation_id_fk` (`recommendation_id`),
  CONSTRAINT `technical_analyzes_indicator_id_fk` FOREIGN KEY (`indicator_id`) REFERENCES `indicators` (`id`),
  CONSTRAINT `technical_analyzes_period_id_fk` FOREIGN KEY (`period_id`) REFERENCES `periods` (`id`),
  CONSTRAINT `technical_analyzes_recommendation_id_fk` FOREIGN KEY (`recommendation_id`) REFERENCES `recommendations` (`id`)
) ENGINE=InnoDB AUTO_INCREMENT=101 DEFAULT CHARSET=utf8mb4 COLLATE=utf8mb4_0900_ai_ci COMMENT='Технический анализ';
/*!40101 SET character_set_client = @saved_cs_client */;

--
-- Dumping data for table `technical_analyzes`
--

LOCK TABLES `technical_analyzes` WRITE;
/*!40000 ALTER TABLE `technical_analyzes` DISABLE KEYS */;
INSERT INTO `technical_analyzes` VALUES (1,5,1,3,'2020-12-22 19:42:33','2020-12-22 22:43:28'),(2,6,3,2,'2020-12-22 19:42:33','2020-12-22 22:43:28'),(3,3,2,3,'2020-12-22 19:42:33','2020-12-22 22:43:28'),(4,6,1,4,'2020-12-22 19:42:33','2020-12-22 22:43:28'),(5,4,1,2,'2020-12-22 19:42:33','2020-12-22 22:43:28'),(6,1,2,1,'2020-12-22 19:42:33','2020-12-22 22:43:28'),(7,3,2,1,'2020-12-22 19:42:33','2020-12-22 22:43:28'),(8,5,1,4,'2020-12-22 19:42:33','2020-12-22 22:43:28'),(9,5,1,4,'2020-12-22 19:42:33','2020-12-22 22:43:28'),(10,5,3,3,'2020-12-22 19:42:33','2020-12-22 22:43:28'),(11,1,1,1,'2020-12-22 19:42:33','2020-12-22 22:43:28'),(12,4,1,3,'2020-12-22 19:42:33','2020-12-22 22:43:28'),(13,1,2,2,'2020-12-22 19:42:33','2020-12-22 22:43:28'),(14,2,3,3,'2020-12-22 19:42:33','2020-12-22 22:43:28'),(15,6,2,5,'2020-12-22 19:42:33','2020-12-22 22:43:28'),(16,5,1,5,'2020-12-22 19:42:33','2020-12-22 22:43:28'),(17,5,1,4,'2020-12-22 19:42:33','2020-12-22 22:43:28'),(18,6,2,1,'2020-12-22 19:42:33','2020-12-22 22:43:28'),(19,6,2,3,'2020-12-22 19:42:33','2020-12-22 22:43:28'),(20,4,1,2,'2020-12-22 19:42:33','2020-12-22 22:43:28'),(21,5,1,3,'2020-12-22 19:42:33','2020-12-22 22:43:28'),(22,5,3,3,'2020-12-22 19:42:33','2020-12-22 22:43:28'),(23,3,1,4,'2020-12-22 19:42:33','2020-12-22 22:43:28'),(24,6,1,2,'2020-12-22 19:42:33','2020-12-22 22:43:28'),(25,3,2,4,'2020-12-22 19:42:33','2020-12-22 22:43:28'),(26,2,2,2,'2020-12-22 19:42:33','2020-12-22 22:43:28'),(27,6,1,2,'2020-12-22 19:42:33','2020-12-22 22:43:28'),(28,2,3,3,'2020-12-22 19:42:33','2020-12-22 22:43:28'),(29,1,2,4,'2020-12-22 19:42:33','2020-12-22 22:43:28'),(30,4,2,2,'2020-12-22 19:42:33','2020-12-22 22:43:28'),(31,6,2,3,'2020-12-22 19:42:33','2020-12-22 22:43:28'),(32,1,1,3,'2020-12-22 19:42:33','2020-12-22 22:43:28'),(33,1,1,2,'2020-12-22 19:42:33','2020-12-22 22:43:28'),(34,4,2,3,'2020-12-22 19:42:33','2020-12-22 22:43:28'),(35,5,1,4,'2020-12-22 19:42:33','2020-12-22 22:43:28'),(36,2,1,3,'2020-12-22 19:42:33','2020-12-22 22:43:28'),(37,3,3,5,'2020-12-22 19:42:33','2020-12-22 22:43:28'),(38,4,3,3,'2020-12-22 19:42:33','2020-12-22 22:43:28'),(39,4,2,4,'2020-12-22 19:42:33','2020-12-22 22:43:28'),(40,3,2,5,'2020-12-22 19:42:33','2020-12-22 22:43:28'),(41,3,3,2,'2020-12-22 19:42:33','2020-12-22 22:43:28'),(42,5,1,1,'2020-12-22 19:42:33','2020-12-22 22:43:28'),(43,2,3,3,'2020-12-22 19:42:33','2020-12-22 22:43:28'),(44,1,1,1,'2020-12-22 19:42:33','2020-12-22 22:43:28'),(45,3,3,5,'2020-12-22 19:42:33','2020-12-22 22:43:28'),(46,1,2,3,'2020-12-22 19:42:33','2020-12-22 22:43:28'),(47,6,1,2,'2020-12-22 19:42:33','2020-12-22 22:43:28'),(48,5,2,4,'2020-12-22 19:42:33','2020-12-22 22:43:26'),(49,6,2,5,'2020-12-22 19:42:33','2020-12-22 22:43:28'),(50,6,3,5,'2020-12-22 19:42:33','2020-12-22 22:43:28'),(51,1,2,5,'2020-12-22 19:42:33','2020-12-22 22:43:28'),(52,6,1,1,'2020-12-22 19:42:33','2020-12-22 22:43:28'),(53,1,3,1,'2020-12-22 19:42:33','2020-12-22 22:43:28'),(54,4,3,3,'2020-12-22 19:42:33','2020-12-22 22:43:28'),(55,1,2,3,'2020-12-22 19:42:33','2020-12-22 22:43:28'),(56,2,3,4,'2020-12-22 19:42:33','2020-12-22 22:43:28'),(57,1,3,3,'2020-12-22 19:42:33','2020-12-22 22:43:28'),(58,3,1,4,'2020-12-22 19:42:33','2020-12-22 22:43:28'),(59,6,3,3,'2020-12-22 19:42:33','2020-12-22 22:43:28'),(60,5,2,3,'2020-12-22 19:42:33','2020-12-22 22:43:28'),(61,4,2,4,'2020-12-22 19:42:33','2020-12-22 22:43:28'),(62,4,3,5,'2020-12-22 19:42:33','2020-12-22 22:43:28'),(63,1,2,4,'2020-12-22 19:42:33','2020-12-22 22:43:28'),(64,4,2,3,'2020-12-22 19:42:33','2020-12-22 22:43:28'),(65,6,2,3,'2020-12-22 19:42:33','2020-12-22 22:43:28'),(66,1,1,1,'2020-12-22 19:42:33','2020-12-22 22:43:28'),(67,1,2,4,'2020-12-22 19:42:33','2020-12-22 22:43:28'),(68,4,2,1,'2020-12-22 19:42:33','2020-12-22 22:43:28'),(69,5,1,5,'2020-12-22 19:42:33','2020-12-22 22:43:28'),(70,1,3,4,'2020-12-22 19:42:33','2020-12-22 22:43:28'),(71,5,1,5,'2020-12-22 19:42:33','2020-12-22 22:43:28'),(72,5,3,1,'2020-12-22 19:42:33','2020-12-22 22:43:28'),(73,3,2,1,'2020-12-22 19:42:33','2020-12-22 22:43:28'),(74,6,1,3,'2020-12-22 19:42:33','2020-12-22 22:43:28'),(75,2,2,5,'2020-12-22 19:42:33','2020-12-22 22:43:28'),(76,4,1,4,'2020-12-22 19:42:33','2020-12-22 22:43:28'),(77,5,2,4,'2020-12-22 19:42:33','2020-12-22 22:43:28'),(78,3,2,4,'2020-12-22 19:42:33','2020-12-22 22:43:28'),(79,5,2,4,'2020-12-22 19:42:33','2020-12-22 22:43:28'),(80,4,1,2,'2020-12-22 19:42:33','2020-12-22 22:43:28'),(81,4,3,3,'2020-12-22 19:42:33','2020-12-22 22:43:28'),(82,4,1,1,'2020-12-22 19:42:33','2020-12-22 22:43:28'),(83,4,3,1,'2020-12-22 19:42:33','2020-12-22 22:43:28'),(84,2,1,5,'2020-12-22 19:42:33','2020-12-22 22:43:28'),(85,4,2,2,'2020-12-22 19:42:33','2020-12-22 22:43:28'),(86,6,2,2,'2020-12-22 19:42:33','2020-12-22 22:43:28'),(87,2,1,3,'2020-12-22 19:42:33','2020-12-22 22:43:28'),(88,3,1,3,'2020-12-22 19:42:33','2020-12-22 22:43:28'),(89,2,1,2,'2020-12-22 19:42:33','2020-12-22 22:43:28'),(90,2,2,4,'2020-12-22 19:42:33','2020-12-22 22:43:28'),(91,3,1,5,'2020-12-22 19:42:33','2020-12-22 22:43:28'),(92,2,3,3,'2020-12-22 19:42:33','2020-12-22 22:43:28'),(93,1,1,5,'2020-12-22 19:42:33','2020-12-22 22:43:28'),(94,3,2,1,'2020-12-22 19:42:33','2020-12-22 22:43:28'),(95,5,2,4,'2020-12-22 19:42:33','2020-12-22 22:43:28'),(96,3,1,5,'2020-12-22 19:42:33','2020-12-22 22:43:28'),(97,4,1,3,'2020-12-22 19:42:33','2020-12-22 22:43:28'),(98,2,1,1,'2020-12-22 19:42:33','2020-12-22 22:43:28'),(99,2,3,1,'2020-12-22 19:42:33','2020-12-22 22:43:28'),(100,5,2,1,'2020-12-22 19:42:33','2020-12-22 22:43:28');
/*!40000 ALTER TABLE `technical_analyzes` ENABLE KEYS */;
UNLOCK TABLES;

--
-- Table structure for table `type_accounts`
--

DROP TABLE IF EXISTS `type_accounts`;
/*!40101 SET @saved_cs_client     = @@character_set_client */;
/*!50503 SET character_set_client = utf8mb4 */;
CREATE TABLE `type_accounts` (
  `id` int unsigned NOT NULL AUTO_INCREMENT COMMENT 'Индикатор строки',
  `name_account` varchar(100) NOT NULL COMMENT 'Имя (тип) счета',
  `created_at` datetime DEFAULT CURRENT_TIMESTAMP COMMENT 'Время создания строки',
  `updated_at` datetime DEFAULT CURRENT_TIMESTAMP ON UPDATE CURRENT_TIMESTAMP COMMENT 'Время обновления строки',
  PRIMARY KEY (`id`)
) ENGINE=InnoDB AUTO_INCREMENT=6 DEFAULT CHARSET=utf8mb4 COLLATE=utf8mb4_0900_ai_ci COMMENT='Тип счета';
/*!40101 SET character_set_client = @saved_cs_client */;

--
-- Dumping data for table `type_accounts`
--

LOCK TABLES `type_accounts` WRITE;
/*!40000 ALTER TABLE `type_accounts` DISABLE KEYS */;
INSERT INTO `type_accounts` VALUES (1,'Единый счет','2020-12-22 22:22:09','2020-12-22 22:22:09'),(2,'Индивидуальный Инвестиционный Cчет','2020-12-22 22:22:09','2020-12-22 22:22:09'),(3,'Доверительное управление','2020-12-22 22:22:09','2020-12-22 22:22:09'),(4,'Forex с лицензией','2020-12-22 22:22:09','2020-12-22 22:22:09'),(5,'Демо-счет','2020-12-22 22:22:09','2020-12-22 22:22:09');
/*!40000 ALTER TABLE `type_accounts` ENABLE KEYS */;
UNLOCK TABLES;

--
-- Table structure for table `type_instruments`
--

DROP TABLE IF EXISTS `type_instruments`;
/*!40101 SET @saved_cs_client     = @@character_set_client */;
/*!50503 SET character_set_client = utf8mb4 */;
CREATE TABLE `type_instruments` (
  `id` int unsigned NOT NULL AUTO_INCREMENT COMMENT 'Индификатор строки',
  `name` varchar(255) NOT NULL COMMENT 'Тип инструмента',
  `created_at` datetime DEFAULT CURRENT_TIMESTAMP COMMENT 'Время создания строки',
  `updated_at` datetime DEFAULT CURRENT_TIMESTAMP ON UPDATE CURRENT_TIMESTAMP COMMENT 'Время обновления строки',
  PRIMARY KEY (`id`)
) ENGINE=InnoDB AUTO_INCREMENT=7 DEFAULT CHARSET=utf8mb4 COLLATE=utf8mb4_0900_ai_ci COMMENT='Тип финансового инструмента';
/*!40101 SET character_set_client = @saved_cs_client */;

--
-- Dumping data for table `type_instruments`
--

LOCK TABLES `type_instruments` WRITE;
/*!40000 ALTER TABLE `type_instruments` DISABLE KEYS */;
INSERT INTO `type_instruments` VALUES (1,'Акции','2020-12-22 22:21:59','2020-12-22 22:21:59'),(2,'Облигации','2020-12-22 22:21:59','2020-12-22 22:21:59'),(3,'Мировые индексы','2020-12-22 22:21:59','2020-12-22 22:21:59'),(4,'Фьючерсы','2020-12-22 22:21:59','2020-12-22 22:21:59'),(5,'Валютные рынки','2020-12-22 22:21:59','2020-12-22 22:21:59'),(6,'Сырьевые рынки','2020-12-22 22:21:59','2020-12-22 22:21:59');
/*!40000 ALTER TABLE `type_instruments` ENABLE KEYS */;
UNLOCK TABLES;

--
-- Table structure for table `users`
--

DROP TABLE IF EXISTS `users`;
/*!40101 SET @saved_cs_client     = @@character_set_client */;
/*!50503 SET character_set_client = utf8mb4 */;
CREATE TABLE `users` (
  `id` bigint unsigned NOT NULL AUTO_INCREMENT COMMENT 'Идентификатор строки',
  `email` varchar(100) NOT NULL COMMENT 'Почта',
  `phone` varchar(100) NOT NULL COMMENT 'Телефон',
  `created_at` datetime DEFAULT CURRENT_TIMESTAMP COMMENT 'Время создания строки',
  `updated_at` datetime DEFAULT CURRENT_TIMESTAMP ON UPDATE CURRENT_TIMESTAMP COMMENT 'Время обновления строки',
  PRIMARY KEY (`id`),
  UNIQUE KEY `id` (`id`),
  UNIQUE KEY `email` (`email`),
  UNIQUE KEY `phone` (`phone`)
) ENGINE=InnoDB AUTO_INCREMENT=101 DEFAULT CHARSET=utf8mb4 COLLATE=utf8mb4_0900_ai_ci COMMENT='Пользователи';
/*!40101 SET character_set_client = @saved_cs_client */;

--
-- Dumping data for table `users`
--

LOCK TABLES `users` WRITE;
/*!40000 ALTER TABLE `users` DISABLE KEYS */;
INSERT INTO `users` VALUES (1,'nvonrueden@example.com','409-393-1166','2020-12-22 19:49:15','2020-12-22 19:49:15'),(2,'madaline.murray@example.net','(598)531-2861x8251','2020-12-22 19:49:15','2020-12-22 19:49:15'),(3,'mike.turcotte@example.net','(657)357-1490x711','2020-12-22 19:49:15','2020-12-22 19:49:15'),(4,'champlin.kaitlin@example.com','144.000.4911x73389','2020-12-22 19:49:15','2020-12-22 19:49:15'),(5,'bhirthe@example.net','(478)911-2049','2020-12-22 19:49:15','2020-12-22 19:49:15'),(6,'smitham.isaac@example.com','076-165-5085x35839','2020-12-22 19:49:15','2020-12-22 19:49:15'),(7,'frath@example.org','08975994355','2020-12-22 19:49:15','2020-12-22 19:49:15'),(8,'cloyd.zulauf@example.com','1-722-760-2099x065','2020-12-22 19:49:15','2020-12-22 19:49:15'),(9,'ushanahan@example.com','+01(7)5108914984','2020-12-22 19:49:15','2020-12-22 19:49:15'),(10,'constance.welch@example.org','308.964.5987','2020-12-22 19:49:15','2020-12-22 19:49:15'),(11,'micah52@example.net','462.649.6377x87492','2020-12-22 19:49:15','2020-12-22 19:49:15'),(12,'brayan.schamberger@example.net','417.802.8108x79738','2020-12-22 19:49:15','2020-12-22 19:49:15'),(13,'colby.dicki@example.org','1-816-626-4073','2020-12-22 19:49:15','2020-12-22 19:49:15'),(14,'zfeeney@example.org','254-075-7982','2020-12-22 19:49:15','2020-12-22 19:49:15'),(15,'francisco02@example.com','640.643.5040x50839','2020-12-22 19:49:15','2020-12-22 19:49:15'),(16,'betty.lakin@example.net','(083)621-4978','2020-12-22 19:49:15','2020-12-22 19:49:15'),(17,'bschiller@example.com','03228569193','2020-12-22 19:49:15','2020-12-22 19:49:15'),(18,'daphney.harber@example.com','129-784-3000','2020-12-22 19:49:15','2020-12-22 19:49:15'),(19,'max.torp@example.org','1-903-185-7346','2020-12-22 19:49:15','2020-12-22 19:49:15'),(20,'darrion49@example.com','(689)437-1042x00846','2020-12-22 19:49:15','2020-12-22 19:49:15'),(21,'gerald94@example.com','1-805-754-0709','2020-12-22 19:49:15','2020-12-22 19:49:15'),(22,'kerluke.joaquin@example.com','(238)845-7859x0098','2020-12-22 19:49:15','2020-12-22 19:49:15'),(23,'amari.roob@example.org','1-694-817-6854x14842','2020-12-22 19:49:15','2020-12-22 19:49:15'),(24,'marlene.rosenbaum@example.com','1-395-660-0818x94906','2020-12-22 19:49:15','2020-12-22 19:49:15'),(25,'schiller.brennon@example.org','09416777631','2020-12-22 19:49:15','2020-12-22 19:49:15'),(26,'kmills@example.net','(472)383-8711','2020-12-22 19:49:15','2020-12-22 19:49:15'),(27,'gleason.ezra@example.org','152.587.4895','2020-12-22 19:49:15','2020-12-22 19:49:15'),(28,'veum.loy@example.net','1-024-849-9248x983','2020-12-22 19:49:15','2020-12-22 19:49:15'),(29,'orpha84@example.org','330-616-4827x67456','2020-12-22 19:49:15','2020-12-22 19:49:15'),(30,'cornell74@example.net','(359)577-1374x83361','2020-12-22 19:49:15','2020-12-22 19:49:15'),(31,'vbergnaum@example.com','(868)409-2034x72243','2020-12-22 19:49:15','2020-12-22 19:49:15'),(32,'wschneider@example.org','(824)808-3178','2020-12-22 19:49:15','2020-12-22 19:49:15'),(33,'nhalvorson@example.net','1-557-057-0495x377','2020-12-22 19:49:15','2020-12-22 19:49:15'),(34,'nschaefer@example.com','(450)741-2049x739','2020-12-22 19:49:15','2020-12-22 19:49:15'),(35,'jkunze@example.org','08609169793','2020-12-22 19:49:15','2020-12-22 19:49:15'),(36,'bboehm@example.net','480.325.3312x173','2020-12-22 19:49:15','2020-12-22 19:49:15'),(37,'wuckert.mae@example.org','927-015-9117x660','2020-12-22 19:49:15','2020-12-22 19:49:15'),(38,'emil69@example.net','(385)878-8937x6667','2020-12-22 19:49:15','2020-12-22 19:49:15'),(39,'lorine.d\'amore@example.net','1-065-757-6484x0255','2020-12-22 19:49:15','2020-12-22 19:49:15'),(40,'javier.kutch@example.net','1-666-907-7483','2020-12-22 19:49:15','2020-12-22 19:49:15'),(41,'antonette.crooks@example.com','270-921-3543x204','2020-12-22 19:49:15','2020-12-22 19:49:15'),(42,'nadia93@example.net','05656460272','2020-12-22 19:49:15','2020-12-22 19:49:15'),(43,'tcummings@example.org','707-959-1158','2020-12-22 19:49:15','2020-12-22 19:49:15'),(44,'ethiel@example.com','201-284-0318','2020-12-22 19:49:15','2020-12-22 19:49:15'),(45,'percival45@example.com','345.586.4657x51406','2020-12-22 19:49:15','2020-12-22 19:49:15'),(46,'herzog.kyleigh@example.com','1-551-142-4722x1394','2020-12-22 19:49:15','2020-12-22 19:49:15'),(47,'kulas.elisa@example.com','(575)165-6272','2020-12-22 19:49:15','2020-12-22 19:49:15'),(48,'gulgowski.gladyce@example.com','1-575-142-3190x75877','2020-12-22 19:49:15','2020-12-22 19:49:15'),(49,'burdette.tromp@example.com','1-382-903-1314','2020-12-22 19:49:15','2020-12-22 19:49:15'),(50,'tkoepp@example.net','987-008-0525x739','2020-12-22 19:49:15','2020-12-22 19:49:15'),(51,'coby45@example.org','1-808-739-6034','2020-12-22 19:49:15','2020-12-22 19:49:15'),(52,'xcole@example.com','(278)996-2841','2020-12-22 19:49:15','2020-12-22 19:49:15'),(53,'riley.corkery@example.net','(242)004-8820x0532','2020-12-22 19:49:15','2020-12-22 19:49:15'),(54,'jane89@example.org','566.677.3294x395','2020-12-22 19:49:15','2020-12-22 19:49:15'),(55,'aaliyah79@example.net','1-769-030-2848','2020-12-22 19:49:15','2020-12-22 19:49:15'),(56,'wrosenbaum@example.net','02109708358','2020-12-22 19:49:15','2020-12-22 19:49:15'),(57,'o\'conner.dandre@example.net','1-685-466-0035','2020-12-22 19:49:15','2020-12-22 19:49:15'),(58,'wcummings@example.org','(015)778-6969','2020-12-22 19:49:15','2020-12-22 19:49:15'),(59,'rozella.durgan@example.com','1-531-057-1057x370','2020-12-22 19:49:15','2020-12-22 19:49:15'),(60,'npollich@example.com','08375504287','2020-12-22 19:49:15','2020-12-22 19:49:15'),(61,'watsica.melissa@example.org','1-601-330-0540','2020-12-22 19:49:15','2020-12-22 19:49:15'),(62,'vschinner@example.org','(013)822-0726x1914','2020-12-22 19:49:15','2020-12-22 19:49:15'),(63,'rhiannon.marks@example.net','+29(4)3706705087','2020-12-22 19:49:15','2020-12-22 19:49:15'),(64,'german.welch@example.net','296-349-1849x56286','2020-12-22 19:49:15','2020-12-22 19:49:15'),(65,'cesar.lind@example.org','510.143.4103','2020-12-22 19:49:15','2020-12-22 19:49:15'),(66,'ygrimes@example.net','219-703-0237','2020-12-22 19:49:15','2020-12-22 19:49:15'),(67,'pietro.bechtelar@example.com','(807)645-7977x771','2020-12-22 19:49:15','2020-12-22 19:49:15'),(68,'zfarrell@example.org','980-354-1524','2020-12-22 19:49:15','2020-12-22 19:49:15'),(69,'gcummerata@example.net','395-635-2563x636','2020-12-22 19:49:15','2020-12-22 19:49:15'),(70,'jamir03@example.org','(384)458-9543x914','2020-12-22 19:49:15','2020-12-22 19:49:15'),(71,'mante.joy@example.org','1-667-684-5427x0456','2020-12-22 19:49:15','2020-12-22 19:49:15'),(72,'jose.lakin@example.net','1-960-866-9712','2020-12-22 19:49:15','2020-12-22 19:49:15'),(73,'bulah.hirthe@example.net','1-549-108-5527x49899','2020-12-22 19:49:15','2020-12-22 19:49:15'),(74,'bergnaum.levi@example.net','650-607-7588','2020-12-22 19:49:15','2020-12-22 19:49:15'),(75,'norwood.douglas@example.net','480.232.8305','2020-12-22 19:49:15','2020-12-22 19:49:15'),(76,'bo\'kon@example.net','04337677237','2020-12-22 19:49:15','2020-12-22 19:49:15'),(77,'thalia22@example.org','(552)053-1217','2020-12-22 19:49:15','2020-12-22 19:49:15'),(78,'braden.kuhic@example.net','1-332-153-3197x0930','2020-12-22 19:49:15','2020-12-22 19:49:15'),(79,'elinor88@example.org','00498047005','2020-12-22 19:49:15','2020-12-22 19:49:15'),(80,'edach@example.com','(819)460-7839x5397','2020-12-22 19:49:15','2020-12-22 19:49:15'),(81,'dovie.borer@example.net','(188)998-0435','2020-12-22 19:49:15','2020-12-22 19:49:15'),(82,'von.mafalda@example.net','1-891-293-2915','2020-12-22 19:49:15','2020-12-22 19:49:15'),(83,'goodwin.max@example.net','301-889-5066','2020-12-22 19:49:15','2020-12-22 19:49:15'),(84,'shaun15@example.net','710.379.8709','2020-12-22 19:49:15','2020-12-22 19:49:15'),(85,'goodwin.helene@example.com','108.155.3609x835','2020-12-22 19:49:15','2020-12-22 19:49:15'),(86,'jordon.nicolas@example.net','775.980.4167x5649','2020-12-22 19:49:15','2020-12-22 19:49:15'),(87,'trystan.terry@example.net','+67(0)0528996122','2020-12-22 19:49:15','2020-12-22 19:49:15'),(88,'roberts.heloise@example.org','1-580-040-5470x2331','2020-12-22 19:49:15','2020-12-22 19:49:15'),(89,'buckridge.ashly@example.com','619-712-9179x649','2020-12-22 19:49:15','2020-12-22 19:49:15'),(90,'asimonis@example.com','+26(8)4022097469','2020-12-22 19:49:15','2020-12-22 19:49:15'),(91,'lynn71@example.com','972-682-4877','2020-12-22 19:49:15','2020-12-22 19:49:15'),(92,'schroeder.rene@example.com','1-801-518-2427x5104','2020-12-22 19:49:15','2020-12-22 19:49:15'),(93,'durgan.buck@example.org','1-133-449-3692','2020-12-22 19:49:15','2020-12-22 19:49:15'),(94,'runolfsson.ignatius@example.com','289.555.0326','2020-12-22 19:49:15','2020-12-22 19:49:15'),(95,'xyundt@example.net','1-907-767-7508x234','2020-12-22 19:49:15','2020-12-22 19:49:15'),(96,'ijacobs@example.net','+40(8)3129932644','2020-12-22 19:49:15','2020-12-22 19:49:15'),(97,'d\'amore.candido@example.org','1-821-563-9976x8610','2020-12-22 19:49:15','2020-12-22 19:49:15'),(98,'amurazik@example.org','1-026-523-6784','2020-12-22 19:49:15','2020-12-22 19:49:15'),(99,'rpaucek@example.com','(384)234-8389x01761','2020-12-22 19:49:15','2020-12-22 19:49:15'),(100,'flatley.lupe@example.net','+89(9)3092697138','2020-12-22 19:49:15','2020-12-22 19:49:15');
/*!40000 ALTER TABLE `users` ENABLE KEYS */;
UNLOCK TABLES;

--
-- Table structure for table `users_accounts`
--

DROP TABLE IF EXISTS `users_accounts`;
/*!40101 SET @saved_cs_client     = @@character_set_client */;
/*!50503 SET character_set_client = utf8mb4 */;
CREATE TABLE `users_accounts` (
  `user_id` bigint unsigned NOT NULL COMMENT 'Ссылка на пользователя',
  `type_account_id` int unsigned NOT NULL COMMENT 'Ссылка на тип счета',
  `balance` decimal(11,1) DEFAULT NULL COMMENT 'Баланс счета',
  `created_at` datetime DEFAULT CURRENT_TIMESTAMP COMMENT 'Время создания строки',
  `updated_at` datetime DEFAULT CURRENT_TIMESTAMP ON UPDATE CURRENT_TIMESTAMP COMMENT 'Время обновления строки',
  PRIMARY KEY (`user_id`,`type_account_id`) COMMENT 'Составной первичный ключ',
  KEY `users_accounts_type_account_id_fk` (`type_account_id`),
  CONSTRAINT `users_accounts_type_account_id_fk` FOREIGN KEY (`type_account_id`) REFERENCES `type_accounts` (`id`),
  CONSTRAINT `users_accounts_user_id_fk` FOREIGN KEY (`user_id`) REFERENCES `users` (`id`)
) ENGINE=InnoDB DEFAULT CHARSET=utf8mb4 COLLATE=utf8mb4_0900_ai_ci COMMENT='Таблица счетов пользователя';
/*!40101 SET character_set_client = @saved_cs_client */;

--
-- Dumping data for table `users_accounts`
--

LOCK TABLES `users_accounts` WRITE;
/*!40000 ALTER TABLE `users_accounts` DISABLE KEYS */;
INSERT INTO `users_accounts` VALUES (2,1,689844.0,'2020-12-22 18:37:26','2020-12-22 22:26:07'),(2,4,461325.0,'2020-12-22 18:37:26','2020-12-22 22:26:07'),(4,1,227092.0,'2020-12-22 18:37:26','2020-12-22 22:26:07'),(4,3,741487.0,'2020-12-22 18:37:26','2020-12-22 22:26:07'),(4,5,16158.0,'2020-12-22 18:37:26','2020-12-22 22:26:07'),(6,2,846331.0,'2020-12-22 18:37:26','2020-12-22 22:26:07'),(8,2,173182.0,'2020-12-22 18:37:26','2020-12-22 22:26:07'),(8,4,316919.0,'2020-12-22 18:37:26','2020-12-22 22:26:07'),(10,2,55048.0,'2020-12-22 18:37:26','2020-12-22 22:26:07'),(10,4,314485.0,'2020-12-22 18:37:26','2020-12-22 22:26:07'),(11,3,397282.0,'2020-12-22 18:37:26','2020-12-22 22:26:07'),(12,1,32954.0,'2020-12-22 18:37:26','2020-12-22 22:26:07'),(14,2,962926.0,'2020-12-22 18:37:26','2020-12-22 22:26:07'),(17,3,705769.0,'2020-12-22 18:37:26','2020-12-22 22:26:07'),(18,2,630066.0,'2020-12-22 18:37:26','2020-12-22 22:26:07'),(22,4,23023.0,'2020-12-22 18:37:26','2020-12-22 22:26:07'),(22,5,214918.0,'2020-12-22 18:37:26','2020-12-22 22:26:07'),(23,3,995520.0,'2020-12-22 18:37:26','2020-12-22 22:26:07'),(24,1,322847.0,'2020-12-22 18:37:26','2020-12-22 22:26:07'),(24,2,617675.0,'2020-12-22 18:37:26','2020-12-22 22:26:07'),(26,1,109837.0,'2020-12-22 18:37:26','2020-12-22 22:26:07'),(26,3,686159.0,'2020-12-22 18:37:26','2020-12-22 22:26:07'),(27,2,91285.0,'2020-12-22 18:37:26','2020-12-22 22:26:07'),(30,1,387947.0,'2020-12-22 18:37:26','2020-12-22 22:26:07'),(32,5,655882.0,'2020-12-22 18:37:26','2020-12-22 22:26:07'),(36,4,105569.0,'2020-12-22 18:37:26','2020-12-22 22:26:07'),(37,3,550201.0,'2020-12-22 18:37:26','2020-12-22 22:26:07'),(39,2,424298.0,'2020-12-22 18:37:26','2020-12-22 22:26:07'),(40,2,460886.0,'2020-12-22 18:37:26','2020-12-22 22:26:07'),(44,2,21537.0,'2020-12-22 18:37:26','2020-12-22 22:26:07'),(45,3,715027.0,'2020-12-22 18:37:26','2020-12-22 22:26:07'),(45,5,500527.0,'2020-12-22 18:37:26','2020-12-22 22:26:07'),(49,1,347552.0,'2020-12-22 18:37:26','2020-12-22 22:26:07'),(52,3,226181.0,'2020-12-22 18:37:26','2020-12-22 22:26:07'),(52,4,78249.0,'2020-12-22 18:37:26','2020-12-22 22:26:07'),(57,2,702702.0,'2020-12-22 18:37:26','2020-12-22 22:26:07'),(58,3,268764.0,'2020-12-22 18:37:26','2020-12-22 22:26:07'),(59,1,225716.0,'2020-12-22 18:37:26','2020-12-22 22:26:07'),(59,2,312286.0,'2020-12-22 18:37:26','2020-12-22 22:26:07'),(65,3,874282.0,'2020-12-22 18:37:26','2020-12-22 22:26:07'),(74,2,424553.0,'2020-12-22 18:37:26','2020-12-22 22:26:07'),(74,3,489919.0,'2020-12-22 18:37:26','2020-12-22 22:26:07'),(87,4,165939.0,'2020-12-22 18:37:26','2020-12-22 22:26:07'),(91,3,349937.0,'2020-12-22 18:37:26','2020-12-22 22:26:07'),(99,5,241867.0,'2020-12-22 18:37:26','2020-12-22 22:26:07'),(100,4,149528.0,'2020-12-22 18:37:26','2020-12-22 22:26:07');
/*!40000 ALTER TABLE `users_accounts` ENABLE KEYS */;
UNLOCK TABLES;

--
-- Table structure for table `users_instruments`
--

DROP TABLE IF EXISTS `users_instruments`;
/*!40101 SET @saved_cs_client     = @@character_set_client */;
/*!50503 SET character_set_client = utf8mb4 */;
CREATE TABLE `users_instruments` (
  `user_id` bigint unsigned NOT NULL COMMENT 'Ссылка на пользователя',
  `instrument_id` bigint unsigned NOT NULL COMMENT 'Инструмент',
  `buy_price` decimal(11,1) DEFAULT NULL COMMENT 'Цена открытия сделки',
  `sell_price` decimal(11,1) DEFAULT NULL COMMENT 'Цена закрытия сделки',
  `volume` int unsigned DEFAULT NULL COMMENT 'Объем',
  `position_id` int unsigned DEFAULT NULL COMMENT 'Позиция',
  `created_at` datetime DEFAULT CURRENT_TIMESTAMP COMMENT 'Время создания строки',
  `updated_at` datetime DEFAULT CURRENT_TIMESTAMP ON UPDATE CURRENT_TIMESTAMP COMMENT 'Время обновления строки',
  PRIMARY KEY (`user_id`,`instrument_id`) COMMENT 'Составной первичный ключ',
  KEY `users_instruments_position_id_fk` (`position_id`),
  CONSTRAINT `users_instruments_position_id_fk` FOREIGN KEY (`position_id`) REFERENCES `positions` (`id`),
  CONSTRAINT `users_instruments_user_id_fk` FOREIGN KEY (`user_id`) REFERENCES `users` (`id`)
) ENGINE=InnoDB DEFAULT CHARSET=utf8mb4 COLLATE=utf8mb4_0900_ai_ci COMMENT='Инструменты пользователя';
/*!40101 SET character_set_client = @saved_cs_client */;

--
-- Dumping data for table `users_instruments`
--

LOCK TABLES `users_instruments` WRITE;
/*!40000 ALTER TABLE `users_instruments` DISABLE KEYS */;
INSERT INTO `users_instruments` VALUES (2,167,2611.9,6248.0,816473,1,'2020-12-22 19:28:16','2020-12-22 22:39:52'),(3,117,9973.8,7319.2,557663,2,'2020-12-22 19:28:16','2020-12-22 22:39:25'),(4,85,12032.3,2851.2,328894,2,'2020-12-22 19:28:16','2020-12-22 22:39:52'),(5,72,239.1,7297.2,961482,2,'2020-12-22 19:28:16','2020-12-22 22:39:52'),(6,103,10097.5,12931.4,810730,1,'2020-12-22 19:28:16','2020-12-22 22:39:52'),(9,92,4769.2,12764.2,1062,2,'2020-12-22 19:28:16','2020-12-22 22:39:52'),(9,151,8552.7,10026.1,14317662,1,'2020-12-22 19:28:16','2020-12-22 22:39:52'),(10,59,13454.7,11836.7,69219,2,'2020-12-22 19:28:16','2020-12-22 22:39:52'),(11,53,11614.4,14104.5,842741,1,'2020-12-22 19:28:16','2020-12-22 22:39:52'),(12,62,2707.0,5011.2,8870787,1,'2020-12-22 19:28:16','2020-12-22 22:39:52'),(12,86,8690.8,12741.3,95707248,1,'2020-12-22 19:28:16','2020-12-22 22:39:52'),(13,52,5331.8,3672.3,4454169,2,'2020-12-22 19:28:16','2020-12-22 22:39:52'),(14,75,585.6,10136.3,95468,1,'2020-12-22 19:28:16','2020-12-22 22:39:52'),(15,6,1931.7,9663.6,254735161,2,'2020-12-22 19:28:16','2020-12-22 22:39:52'),(16,17,7900.5,2908.3,18169,2,'2020-12-22 19:28:16','2020-12-22 22:39:52'),(16,64,3706.5,549.4,159203,1,'2020-12-22 19:28:16','2020-12-22 22:39:52'),(18,60,9829.9,9021.2,1129991,1,'2020-12-22 19:28:16','2020-12-22 22:39:52'),(19,107,8029.0,13457.0,36407,1,'2020-12-22 19:28:16','2020-12-22 22:39:52'),(20,147,10654.2,10220.1,353827,1,'2020-12-22 19:28:16','2020-12-22 22:39:52'),(22,156,14183.2,10728.8,2833,2,'2020-12-22 19:28:16','2020-12-22 22:39:52'),(22,203,8952.1,7982.7,281524,1,'2020-12-22 19:28:16','2020-12-22 22:39:52'),(23,140,2210.2,7726.1,351070351,1,'2020-12-22 19:28:16','2020-12-22 22:39:52'),(23,170,14193.5,14681.3,336143,2,'2020-12-22 19:28:16','2020-12-22 22:39:52'),(23,172,4336.0,5227.2,826141,1,'2020-12-22 19:28:16','2020-12-22 22:39:52'),(24,34,9098.6,12091.1,912971,2,'2020-12-22 19:28:16','2020-12-22 22:39:52'),(24,75,2483.7,14772.9,48964,2,'2020-12-22 19:28:16','2020-12-22 22:39:52'),(24,182,121.9,7590.4,112276,1,'2020-12-22 19:28:16','2020-12-22 22:39:52'),(25,53,8157.5,8632.1,72959,1,'2020-12-22 19:28:16','2020-12-22 22:39:52'),(25,157,10420.6,5388.4,17967,1,'2020-12-22 19:28:16','2020-12-22 22:39:52'),(26,2,12629.5,1044.9,860958,2,'2020-12-22 19:28:16','2020-12-22 22:39:52'),(27,59,1884.7,4058.0,240891,2,'2020-12-22 19:28:16','2020-12-22 22:39:52'),(28,79,1534.1,2154.3,611580,2,'2020-12-22 19:28:16','2020-12-22 22:39:52'),(29,9,2015.5,13596.4,89632392,1,'2020-12-22 19:28:16','2020-12-22 22:39:52'),(33,19,5474.0,1518.3,26574,2,'2020-12-22 19:28:16','2020-12-22 22:39:52'),(36,65,6322.7,11801.2,810818,1,'2020-12-22 19:28:16','2020-12-22 22:39:52'),(37,59,190.5,9450.0,5663781,1,'2020-12-22 19:28:16','2020-12-22 22:39:52'),(37,101,11983.5,11845.6,366092924,1,'2020-12-22 19:28:16','2020-12-22 22:39:52'),(38,117,14344.8,876.9,325229,2,'2020-12-22 19:28:16','2020-12-22 22:39:52'),(39,12,5772.7,13846.8,7991379,2,'2020-12-22 19:28:16','2020-12-22 22:39:52'),(39,49,827.8,6602.3,11835279,1,'2020-12-22 19:28:16','2020-12-22 22:39:52'),(39,73,1820.1,6470.0,17468,1,'2020-12-22 19:28:16','2020-12-22 22:39:52'),(44,1,6616.2,12542.3,781406,1,'2020-12-22 19:28:16','2020-12-22 22:39:52'),(45,67,12619.8,13300.5,921344,2,'2020-12-22 19:28:16','2020-12-22 22:39:52'),(45,124,13249.3,13874.5,30917,2,'2020-12-22 19:28:16','2020-12-22 22:39:52'),(46,208,13386.1,14470.2,252504,1,'2020-12-22 19:28:16','2020-12-22 22:39:52'),(48,40,12181.7,726.4,978723605,1,'2020-12-22 19:28:16','2020-12-22 22:39:52'),(49,51,5749.1,5220.2,488485,2,'2020-12-22 19:28:16','2020-12-22 22:39:52'),(49,201,7199.5,8921.1,12711,1,'2020-12-22 19:28:16','2020-12-22 22:39:52'),(50,70,3749.3,13943.8,674916,1,'2020-12-22 19:28:16','2020-12-22 22:39:52'),(50,197,12146.8,12954.7,899124,2,'2020-12-22 19:28:16','2020-12-22 22:39:52'),(54,145,4485.0,7941.2,460872,2,'2020-12-22 19:28:16','2020-12-22 22:39:52'),(55,22,983.5,840.9,596991,1,'2020-12-22 19:28:16','2020-12-22 22:39:52'),(55,133,6461.6,10379.9,58372,1,'2020-12-22 19:28:16','2020-12-22 22:39:52'),(57,128,14356.7,4375.9,592339,1,'2020-12-22 19:28:16','2020-12-22 22:39:52'),(57,155,7397.7,5738.7,160721,2,'2020-12-22 19:28:16','2020-12-22 22:39:52'),(57,180,8917.4,564.6,44486,1,'2020-12-22 19:28:16','2020-12-22 22:39:52'),(59,18,7392.7,606.2,647728,2,'2020-12-22 19:28:16','2020-12-22 22:39:52'),(60,177,10210.2,1335.9,271245904,1,'2020-12-22 19:28:16','2020-12-22 22:39:52'),(61,205,13872.1,4860.0,8618,1,'2020-12-22 19:28:16','2020-12-22 22:39:52'),(63,74,8729.0,5291.3,70760449,2,'2020-12-22 19:28:16','2020-12-22 22:39:52'),(64,20,2027.6,11875.4,16590,1,'2020-12-22 19:28:16','2020-12-22 22:39:52'),(64,174,13950.0,13502.3,590789,2,'2020-12-22 19:28:16','2020-12-22 22:39:52'),(65,123,3666.3,1884.1,894174,2,'2020-12-22 19:28:16','2020-12-22 22:39:52'),(65,204,6480.3,13912.5,125232480,1,'2020-12-22 19:28:16','2020-12-22 22:39:52'),(66,1,6401.8,3909.5,911887,2,'2020-12-22 19:28:16','2020-12-22 22:39:52'),(66,56,12566.8,7808.7,688505,2,'2020-12-22 19:28:16','2020-12-22 22:39:52'),(67,66,13627.9,12314.0,80702755,1,'2020-12-22 19:28:16','2020-12-22 22:39:52'),(67,161,438.1,8142.9,480372,2,'2020-12-22 19:28:16','2020-12-22 22:39:52'),(67,189,6305.9,3771.5,750002,1,'2020-12-22 19:28:16','2020-12-22 22:39:52'),(68,45,214.0,9428.0,46954,2,'2020-12-22 19:28:16','2020-12-22 22:39:52'),(69,77,12151.5,5824.3,674495,1,'2020-12-22 19:28:16','2020-12-22 22:39:52'),(70,37,114.4,836.7,4935055,2,'2020-12-22 19:28:16','2020-12-22 22:39:52'),(71,165,9116.7,1709.5,7639861,2,'2020-12-22 19:28:16','2020-12-22 22:39:52'),(75,84,239.0,6036.3,19436,1,'2020-12-22 19:28:16','2020-12-22 22:39:52'),(75,133,3844.2,10052.1,112469,1,'2020-12-22 19:28:16','2020-12-22 22:39:52'),(76,205,3502.8,2150.6,1173,1,'2020-12-22 19:28:16','2020-12-22 22:39:52'),(79,208,5980.4,10595.7,528862,2,'2020-12-22 19:28:16','2020-12-22 22:39:52'),(80,6,4392.8,1525.7,4383,2,'2020-12-22 19:28:16','2020-12-22 22:39:52'),(80,31,4021.6,5840.4,24607,2,'2020-12-22 19:28:16','2020-12-22 22:39:52'),(80,140,6928.7,9624.0,7397,2,'2020-12-22 19:28:16','2020-12-22 22:39:52'),(81,0,7577.8,597.7,296905,1,'2020-12-22 19:28:16','2020-12-22 22:39:52'),(81,185,2101.9,4115.5,887936,1,'2020-12-22 19:28:16','2020-12-22 22:39:52'),(82,87,2775.2,3783.6,26874880,2,'2020-12-22 19:28:16','2020-12-22 22:39:52'),(85,90,7569.4,6570.2,282495,2,'2020-12-22 19:28:16','2020-12-22 22:39:52'),(86,187,14520.1,6499.5,56372,1,'2020-12-22 19:28:16','2020-12-22 22:39:52'),(87,38,4891.3,12785.9,251309991,2,'2020-12-22 19:28:16','2020-12-22 22:39:52'),(87,46,10895.1,14430.0,538969,2,'2020-12-22 19:28:16','2020-12-22 22:39:52'),(87,116,9800.6,3791.2,21034,1,'2020-12-22 19:28:16','2020-12-22 22:39:52'),(88,24,1316.9,5665.0,872196204,2,'2020-12-22 19:28:16','2020-12-22 22:39:52'),(89,190,7181.8,1950.6,41974809,2,'2020-12-22 19:28:16','2020-12-22 22:39:52'),(91,41,1957.3,7756.7,3901556,1,'2020-12-22 19:28:16','2020-12-22 22:39:52'),(94,52,3239.9,2931.0,155144708,1,'2020-12-22 19:28:16','2020-12-22 22:39:52'),(94,138,10326.9,6383.8,4901014,2,'2020-12-22 19:28:16','2020-12-22 22:39:52'),(96,116,11913.5,8125.1,256568868,1,'2020-12-22 19:28:16','2020-12-22 22:39:52'),(96,165,13586.0,6473.0,478266,1,'2020-12-22 19:28:16','2020-12-22 22:39:52'),(97,6,2188.5,7988.6,3649462,2,'2020-12-22 19:28:16','2020-12-22 22:39:52'),(97,58,183.6,5523.2,318226,2,'2020-12-22 19:28:16','2020-12-22 22:39:52'),(98,62,9351.5,3649.0,5139,2,'2020-12-22 19:28:16','2020-12-22 22:39:52'),(99,82,1205.8,1674.5,146333,1,'2020-12-22 19:28:16','2020-12-22 22:39:52'),(100,15,7973.3,12424.5,766987,1,'2020-12-22 19:28:16','2020-12-22 22:39:52');
/*!40000 ALTER TABLE `users_instruments` ENABLE KEYS */;
UNLOCK TABLES;
/*!40103 SET TIME_ZONE=@OLD_TIME_ZONE */;

/*!40101 SET SQL_MODE=@OLD_SQL_MODE */;
/*!40014 SET FOREIGN_KEY_CHECKS=@OLD_FOREIGN_KEY_CHECKS */;
/*!40014 SET UNIQUE_CHECKS=@OLD_UNIQUE_CHECKS */;
/*!40101 SET CHARACTER_SET_CLIENT=@OLD_CHARACTER_SET_CLIENT */;
/*!40101 SET CHARACTER_SET_RESULTS=@OLD_CHARACTER_SET_RESULTS */;
/*!40101 SET COLLATION_CONNECTION=@OLD_COLLATION_CONNECTION */;
/*!40111 SET SQL_NOTES=@OLD_SQL_NOTES */;

-- Dump completed on 2020-12-22 23:39:28
